{"extCodeMirrorConfig":{"pluginModules":["ext.CodeMirror.addons"],"tagModes":{"ref":"text/mediawiki","pre":"mw-tag-pre","nowiki":"mw-tag-nowiki"},"tags":{"pre":true,"nowiki":true,"gallery":true,"indicator":true,"langconvert":true,"timeline":true,"hiero":true,"source":true,"syntaxhighlight":true,"score":true,"templatestyles":true,"templatedata":true,"graph":true,"charinsert":true,"ref":true,"references":true,"inputbox":true,"imagemap":true,"poem":true,"categorytree":true,"section":true,"math":true,"ce":true,"chem":true,"maplink":true,"mapframe":true},"doubleUnderscore":[{"__эге_чок__":"notoc","__без_оглавления__":"notoc","__без_огл__":"notoc","__notoc__":"notoc","__галерея_чок__":"nogallery","__без_галереи__":"nogallery","__nogallery__":"nogallery","__албан_эге__":"forcetoc","__обязательное_оглавление__":"forcetoc",
"__обяз_огл__":"forcetoc","__forcetoc__":"forcetoc","__допчу__":"toc","__оглавление__":"toc","__огл__":"toc","__toc__":"toc","__үлег_эдилгези_чок__":"noeditsection","__без_редактирования_раздела__":"noeditsection","__noeditsection__":"noeditsection","__без_преобразования_заголовка__":"notitleconvert","__notitleconvert__":"notitleconvert","__notc__":"notitleconvert","__без_преобразования_текста__":"nocontentconvert","__nocontentconvert__":"nocontentconvert","__nocc__":"nocontentconvert"},{"__ССЫЛКА_НА_НОВЫЙ_РАЗДЕЛ__":"newsectionlink","__NEWSECTIONLINK__":"newsectionlink","__БЕЗ_ССЫЛКИ_НА_НОВЫЙ_РАЗДЕЛ__":"nonewsectionlink","__NONEWSECTIONLINK__":"nonewsectionlink","__ЧАЖЫТ_АҢГЫЛАЛ__":"hiddencat","__СКРЫТАЯ_КАТЕГОРИЯ__":"hiddencat","__HIDDENCAT__":"hiddencat","__EXPECTUNUSEDCATEGORY__":"expectunusedcategory",
"__ИНДЕКС__":"index","__INDEX__":"index","__БЕЗ_ИНДЕКСА__":"noindex","__NOINDEX__":"noindex","__СТАТИЧЕСКОЕ_ПЕРЕНАПРАВЛЕНИЕ__":"staticredirect","__STATICREDIRECT__":"staticredirect","__NOGLOBAL__":"noglobal","__DISAMBIG__":"disambiguation","__EXPECTED_UNCONNECTED_PAGE__":"expectedUnconnectedPage"}],"functionSynonyms":[{"ад":"ns","пи":"ns","ns":"ns","ад2":"nse","пик":"nse","nse":"nse","закодированный_адрес":"urlencode","urlencode":"urlencode","первая_буква_маленькая":"lcfirst","lcfirst":"lcfirst","первая_буква_большая":"ucfirst","ucfirst":"ucfirst","маленькими_буквами":"lc","lc":"lc","большими_буквами":"uc","uc":"uc","локальный_адрес":"localurl","localurl":"localurl","локальный_адрес_2":"localurle","localurle":"localurle","полный_адрес":"fullurl","fullurl":"fullurl","полный_адрес_2":"fullurle",
"fullurle":"fullurle","canonicalurl":"canonicalurl","canonicalurle":"canonicalurle","форматировать_число":"formatnum","formatnum":"formatnum","падеж":"grammar","grammar":"grammar","пол":"gender","gender":"gender","множественное_число":"plural","plural":"plural","bidi":"bidi","#дыл":"language","#язык":"language","#language":"language","заполнить_слева":"padleft","padleft":"padleft","заполнить_справа":"padright","padright":"padright","кодировать_метку":"anchorencode","anchorencode":"anchorencode","путь_к_файлу":"filepath","filepath":"filepath","идентификатор_страницы":"pageid","pageid":"pageid","внутр":"int","int":"int","#тускай":"special","#служебная":"special","#special":"special","#speciale":"speciale","#демдек":"tag","#метка":"tag","#тег":"tag","#тэг":"tag","#tag":"tag","#форматдаты":"formatdate","#formatdate":
"formatdate","#dateformat":"formatdate","#target":"target","#вавилон":"babel","#babel":"babel","#coordinates":"coordinates","#вызвать":"invoke","#invoke":"invoke","#related":"related","#если":"if","#if":"if","#ifeq":"ifeq","#переключатель":"switch","#switch":"switch","#ifexist":"ifexist","#ifexpr":"ifexpr","#еслиошибка":"iferror","#iferror":"iferror","#время":"time","#time":"time","#мвремя":"timel","#timel":"timel","#expr":"expr","#rel2abs":"rel2abs","#titleparts":"titleparts","#аңгылал_ыяжы":"categorytree","#деревокатегорий":"categorytree","#categorytree":"categorytree","#lst":"lst","#section":"lst","#lstx":"lstx","#section-x":"lstx","#lsth":"lsth","#section-h":"lsth","noexternallanglinks":"noexternallanglinks","#свойство":"property","#property":"property","#statements":"statements","#commaseparatedlist":"commaSeparatedList","#наставник":"mentor","#mentor":"mentor","путь_к_статье"
:"articlepath","articlepath":"articlepath","сервер":"server","server":"server","название_сервера":"servername","servername":"servername","путь_к_скрипту":"scriptpath","scriptpath":"scriptpath","путь_к_стилю":"stylepath","stylepath":"stylepath","numberofwikis":"numberofwikis","wbreponame":"wbreponame"},{"ЧИСЛО_В_ГРУППЕ":"numberingroup","NUMBERINGROUP":"numberingroup","NUMINGROUP":"numberingroup","СОРТИРОВКА_ПО_УМОЛЧАНИЮ":"defaultsort","КЛЮЧ_СОРТИРОВКИ":"defaultsort","DEFAULTSORT":"defaultsort","DEFAULTSORTKEY":"defaultsort","DEFAULTCATEGORYSORT":"defaultsort","__АҢГЫЛАЛ_АРЫННАРЫ__":"pagesincategory","СТРАНИЦ_В_КАТЕГОРИИ":"pagesincategory","PAGESINCATEGORY":"pagesincategory","PAGESINCAT":"pagesincategory","РАЗМЕР_СТРАНИЦЫ":"pagesize","PAGESIZE":"pagesize","УРОВЕНЬ_ЗАЩИТЫ":"protectionlevel","PROTECTIONLEVEL":"protectionlevel",
"PROTECTIONEXPIRY":"protectionexpiry","АРЫННЫҢАДЫ":"pagename","НАЗВАНИЕ_СТРАНИЦЫ":"pagename","PAGENAME":"pagename","НАЗВАНИЕ_СТРАНИЦЫ_2":"pagenamee","PAGENAMEE":"pagenamee","ПОЛНОЕ_НАЗВАНИЕ_СТРАНИЦЫ":"fullpagename","FULLPAGENAME":"fullpagename","ПОЛНОЕ_НАЗВАНИЕ_СТРАНИЦЫ_2":"fullpagenamee","FULLPAGENAMEE":"fullpagenamee","НАЗВАНИЕ_ПОДСТРАНИЦЫ":"subpagename","SUBPAGENAME":"subpagename","НАЗВАНИЕ_ПОДСТРАНИЦЫ_2":"subpagenamee","SUBPAGENAMEE":"subpagenamee","ROOTPAGENAME":"rootpagename","ROOTPAGENAMEE":"rootpagenamee","ОСНОВА_НАЗВАНИЯ_СТРАНИЦЫ":"basepagename","BASEPAGENAME":"basepagename","ОСНОВА_НАЗВАНИЯ_СТРАНИЦЫ_2":"basepagenamee","BASEPAGENAMEE":"basepagenamee","НАЗВАНИЕ_СТРАНИЦЫ_ОБСУЖДЕНИЯ":"talkpagename","TALKPAGENAME":"talkpagename","НАЗВАНИЕ_СТРАНИЦЫ_ОБСУЖДЕНИЯ_2":
"talkpagenamee","TALKPAGENAMEE":"talkpagenamee","НАЗВАНИЕ_СТРАНИЦЫ_СТАТЬИ":"subjectpagename","SUBJECTPAGENAME":"subjectpagename","ARTICLEPAGENAME":"subjectpagename","НАЗВАНИЕ_СТРАНИЦЫ_СТАТЬИ_2":"subjectpagenamee","SUBJECTPAGENAMEE":"subjectpagenamee","ARTICLEPAGENAMEE":"subjectpagenamee","ИД_ВЕРСИИ":"revisionid","REVISIONID":"revisionid","ДЕНЬ_ВЕРСИИ":"revisionday","REVISIONDAY":"revisionday","ДЕНЬ_ВЕРСИИ_2":"revisionday2","REVISIONDAY2":"revisionday2","МЕСЯЦ_ВЕРСИИ":"revisionmonth","REVISIONMONTH":"revisionmonth","МЕСЯЦ_ВЕРСИИ_1":"revisionmonth1","REVISIONMONTH1":"revisionmonth1","ГОД_ВЕРСИИ":"revisionyear","REVISIONYEAR":"revisionyear","ОТМЕТКА_ВРЕМЕНИ_ВЕРСИИ":"revisiontimestamp","REVISIONTIMESTAMP":"revisiontimestamp","ВЕРСИЯ_УЧАСТНИКА":"revisionuser","REVISIONUSER":"revisionuser","CASCADINGSOURCES":"cascadingsources","АТТАРДЕЛГЕМИ":
"namespace","ПРОСТРАНСТВО_ИМЁН":"namespace","NAMESPACE":"namespace","АТТАРДЕЛГЕМИ2":"namespacee","ПРОСТРАНСТВО_ИМЁН_2":"namespacee","NAMESPACEE":"namespacee","АТТАРДЕЛГЕМИНИҢСАНЫ":"namespacenumber","НОМЕР_ПРОСТРАНСТВА_ИМЁН":"namespacenumber","NAMESPACENUMBER":"namespacenumber","ЧУГААДЕЛГЕМИ":"talkspace","ПРОСТРАНСТВО_ОБСУЖДЕНИЙ":"talkspace","TALKSPACE":"talkspace","ЧУГААДЕЛГЕМИ2":"talkspacee","ПРОСТРАНСТВО_ОБСУЖДЕНИЙ_2":"talkspacee","TALKSPACEE":"talkspacee","ПРОСТРАНСТВО_СТАТЕЙ":"subjectspace","SUBJECTSPACE":"subjectspace","ARTICLESPACE":"subjectspace","ПРОСТРАНСТВО_СТАТЕЙ_2":"subjectspacee","SUBJECTSPACEE":"subjectspacee","ARTICLESPACEE":"subjectspacee","ЧҮҮЛДЕРНИҢСАНЫ":"numberofarticles","КОЛИЧЕСТВО_СТАТЕЙ":"numberofarticles","NUMBEROFARTICLES":"numberofarticles",
"ФАЙЛДАРНЫҢСАНЫ":"numberoffiles","КОЛИЧЕСТВО_ФАЙЛОВ":"numberoffiles","NUMBEROFFILES":"numberoffiles","АЖЫГЛАКЧЫЛАРНЫҢСАНЫ":"numberofusers","КОЛИЧЕСТВО_УЧАСТНИКОВ":"numberofusers","NUMBEROFUSERS":"numberofusers","КОЛИЧЕСТВО_АКТИВНЫХ_УЧАСТНИКОВ":"numberofactiveusers","NUMBEROFACTIVEUSERS":"numberofactiveusers","АРЫННАРНЫҢСАНЫ":"numberofpages","КОЛИЧЕСТВО_СТРАНИЦ":"numberofpages","NUMBEROFPAGES":"numberofpages","КОЛИЧЕСТВО_АДМИНИСТРАТОРОВ":"numberofadmins","NUMBEROFADMINS":"numberofadmins","ӨСКЕРЛИИШКИННЕРНИҢСАНЫ":"numberofedits","КОЛИЧЕСТВО_ПРАВОК":"numberofedits","NUMBEROFEDITS":"numberofedits","ПОКАЗАТЬ_ЗАГОЛОВОК":"displaytitle","DISPLAYTITLE":"displaytitle","!":"!","=":"=","__АМГЫ_АЙ":"currentmonth","__АМГЫ_АЙ_2__":"currentmonth","ТЕКУЩИЙ_МЕСЯЦ":
"currentmonth","ТЕКУЩИЙ_МЕСЯЦ_2":"currentmonth","CURRENTMONTH":"currentmonth","CURRENTMONTH2":"currentmonth","__АМГЫ_АЙ_1__":"currentmonth1","ТЕКУЩИЙ_МЕСЯЦ_1":"currentmonth1","CURRENTMONTH1":"currentmonth1","АМГЫАЙНЫҢАДЫ":"currentmonthname","НАЗВАНИЕ_ТЕКУЩЕГО_МЕСЯЦА":"currentmonthname","CURRENTMONTHNAME":"currentmonthname","НАЗВАНИЕ_ТЕКУЩЕГО_МЕСЯЦА_РОД":"currentmonthnamegen","CURRENTMONTHNAMEGEN":"currentmonthnamegen","НАЗВАНИЕ_ТЕКУЩЕГО_МЕСЯЦА_АБР":"currentmonthabbrev","CURRENTMONTHABBREV":"currentmonthabbrev","АМГЫХҮН":"currentday","ТЕКУЩИЙ_ДЕНЬ":"currentday","CURRENTDAY":"currentday","АМГЫХҮН2":"currentday2","ТЕКУЩИЙ_ДЕНЬ_2":"currentday2","CURRENTDAY2":"currentday2","АМГЫХҮННҮҢАДЫ":"currentdayname","НАЗВАНИЕ_ТЕКУЩЕГО_ДНЯ":"currentdayname","CURRENTDAYNAME":"currentdayname","АМГЫЧЫЛ":"currentyear",
"ТЕКУЩИЙ_ГОД":"currentyear","CURRENTYEAR":"currentyear","АМГЫҮЕ":"currenttime","ТЕКУЩЕЕ_ВРЕМЯ":"currenttime","CURRENTTIME":"currenttime","АМГЫШАК":"currenthour","ТЕКУЩИЙ_ЧАС":"currenthour","CURRENTHOUR":"currenthour","МЕСТНЫЙ_МЕСЯЦ":"localmonth","МЕСТНЫЙ_МЕСЯЦ_2":"localmonth","LOCALMONTH":"localmonth","LOCALMONTH2":"localmonth","МЕСТНЫЙ_МЕСЯЦ_1":"localmonth1","LOCALMONTH1":"localmonth1","НАЗВАНИЕ_МЕСТНОГО_МЕСЯЦА":"localmonthname","LOCALMONTHNAME":"localmonthname","НАЗВАНИЕ_МЕСТНОГО_МЕСЯЦА_РОД":"localmonthnamegen","LOCALMONTHNAMEGEN":"localmonthnamegen","НАЗВАНИЕ_МЕСТНОГО_МЕСЯЦА_АБР":"localmonthabbrev","LOCALMONTHABBREV":"localmonthabbrev","МЕСТНЫЙ_ДЕНЬ":"localday","LOCALDAY":"localday","МЕСТНЫЙ_ДЕНЬ_2":"localday2","LOCALDAY2":"localday2","НАЗВАНИЕ_МЕСТНОГО_ДНЯ":"localdayname","LOCALDAYNAME":
"localdayname","МЕСТНЫЙ_ГОД":"localyear","LOCALYEAR":"localyear","МЕСТНОЕ_ВРЕМЯ":"localtime","LOCALTIME":"localtime","МЕСТНЫЙ_ЧАС":"localhour","LOCALHOUR":"localhour","САЙТТЫҢАДЫ":"sitename","НАЗВАНИЕ_САЙТА":"sitename","SITENAME":"sitename","АМГЫЧЕДИХОНУК":"currentweek","ТЕКУЩАЯ_НЕДЕЛЯ":"currentweek","CURRENTWEEK":"currentweek","АМГЫЧЕДИХОНУКТУҢХҮНҮ":"currentdow","ТЕКУЩИЙ_ДЕНЬ_НЕДЕЛИ":"currentdow","CURRENTDOW":"currentdow","МЕСТНАЯ_НЕДЕЛЯ":"localweek","LOCALWEEK":"localweek","МЕСТНЫЙ_ДЕНЬ_НЕДЕЛИ":"localdow","LOCALDOW":"localdow","REVISIONSIZE":"revisionsize","ТЕКУЩАЯ_ВЕРСИЯ":"currentversion","CURRENTVERSION":"currentversion","ОТМЕТКА_ТЕКУЩЕГО_ВРЕМЕНИ":"currenttimestamp","CURRENTTIMESTAMP":"currenttimestamp","ОТМЕТКА_МЕСТНОГО_ВРЕМЕНИ":"localtimestamp","LOCALTIMESTAMP":"localtimestamp",
"НАПРАВЛЕНИЕ_ПИСЬМА":"directionmark","DIRECTIONMARK":"directionmark","DIRMARK":"directionmark","ЯЗЫК_СОДЕРЖАНИЯ":"contentlanguage","CONTENTLANGUAGE":"contentlanguage","CONTENTLANG":"contentlanguage","PAGELANGUAGE":"pagelanguage"}],"urlProtocols":"bitcoin\\:|ftp\\:\\/\\/|ftps\\:\\/\\/|geo\\:|git\\:\\/\\/|gopher\\:\\/\\/|http\\:\\/\\/|https\\:\\/\\/|irc\\:\\/\\/|ircs\\:\\/\\/|magnet\\:|mailto\\:|mms\\:\\/\\/|news\\:|nntp\\:\\/\\/|redis\\:\\/\\/|sftp\\:\\/\\/|sip\\:|sips\\:|sms\\:|ssh\\:\\/\\/|svn\\:\\/\\/|tel\\:|telnet\\:\\/\\/|urn\\:|worldwind\\:\\/\\/|xmpp\\:|\\/\\/","linkTrailCharacters":"/^([a-zабвгдеёжзийклмнопрстуфхцчшщъыьэюя]+)(.*)$/sDu"}}