{"extCodeMirrorConfig":{"pluginModules":["ext.CodeMirror.addons"],"tagModes":{"ref":"text/mediawiki","pre":"mw-tag-pre","nowiki":"mw-tag-nowiki"},"tags":{"pre":true,"nowiki":true,"gallery":true,"indicator":true,"langconvert":true,"timeline":true,"hiero":true,"source":true,"syntaxhighlight":true,"score":true,"templatestyles":true,"templatedata":true,"graph":true,"charinsert":true,"ref":true,"references":true,"inputbox":true,"imagemap":true,"poem":true,"categorytree":true,"section":true,"math":true,"ce":true,"chem":true,"maplink":true,"mapframe":true},"doubleUnderscore":[{"__sin_tdc__":"notoc","__notdc__":"notoc","__notoc__":"notoc","__sin_galería__":"nogallery","__nogalería__":"nogallery","__nogaleria__":"nogallery","__nogallery__":"nogallery","__forzar_tdc__":"forcetoc","__forzartdc__":"forcetoc","__forzartoc__":"forcetoc","__forcetoc__":"forcetoc","__tdc__":"toc","__toc__":"toc",
"__no_editar_sección__":"noeditsection","__noeditarsección__":"noeditsection","__noeditarseccion__":"noeditsection","__noeditsection__":"noeditsection","__noconvertirtitulo__":"notitleconvert","__noconvertirtítulo__":"notitleconvert","__noct___":"notitleconvert","__notitleconvert__":"notitleconvert","__notc__":"notitleconvert","__noconvertircontenido__":"nocontentconvert","__nocc___":"nocontentconvert","__nocontentconvert__":"nocontentconvert","__nocc__":"nocontentconvert"},{"__VINCULARANUEVASECCION__":"newsectionlink","__ENLACECREARSECCIÓN__":"newsectionlink","__NEWSECTIONLINK__":"newsectionlink","__NOVINCULARANUEVASECCION__":"nonewsectionlink","__SINENLACECREARSECCIÓN__":"nonewsectionlink","__NONEWSECTIONLINK__":"nonewsectionlink","__CATEGORÍAOCULTA__":"hiddencat","__HIDDENCAT__":"hiddencat","__EXPECTUNUSEDCATEGORY__":"expectunusedcategory","__INDEXAR__":"index","__INDEX__":"index","__NOINDEXAR__":"noindex","__NOINDEX__":"noindex","__REDIRECCIÓNESTÁTICA__":"staticredirect",
"__REDIRECCIONESTATICA__":"staticredirect","__STATICREDIRECT__":"staticredirect","__NOGLOBAL__":"noglobal","__DISAMBIGUACION__":"disambiguation","__DISAMBIG__":"disambiguation","__EXPECTED_UNCONNECTED_PAGE__":"expectedUnconnectedPage"}],"functionSynonyms":[{"en":"ns","edn":"ns","ns":"ns","nse":"nse","codificarurl":"urlencode","urlencode":"urlencode","primerominus":"lcfirst","primerominús":"lcfirst","lcfirst":"lcfirst","primeromayus":"ucfirst","primeromayús":"ucfirst","ucfirst":"ucfirst","minus":"lc","minús":"lc","lc":"lc","mayus":"uc","mayús":"uc","uc":"uc","urllocal":"localurl","localurl":"localurl","urllocalc":"localurle","localurle":"localurle","urlcompleta":"fullurl","fullurl":"fullurl","urlcompletac":"fullurle","fullurle":"fullurle","urlcanonica":"canonicalurl","canonicalurl":"canonicalurl","urlcanonicac":"canonicalurle","canonicalurle":"canonicalurle","formatonúmero":"formatnum","formatonumero":"formatnum","formatnum":"formatnum","gramatica":"grammar","gramática":"grammar",
"grammar":"grammar","género":"gender","genero":"gender","gender":"gender","plural":"plural","bidi":"bidi","#luenga":"language","#idioma":"language","#language":"language","rellenarizquierda":"padleft","rellenarizq":"padleft","padleft":"padleft","rellenarderecha":"padright","rellenarder":"padright","padright":"padright","anchorencode":"anchorencode","rutaarchivo":"filepath","rutarchivo":"filepath","rutadearchivo":"filepath","filepath":"filepath","iddepágina":"pageid","idpágina":"pageid","iddepagina":"pageid","idpagina":"pageid","pageid":"pageid","int":"int","#especial":"special","#espezial":"special","#special":"special","#especialc":"speciale","#speciale":"speciale","#etiqueta":"tag","#tag":"tag","#formatodefecha":"formatdate","#formatearfecha":"formatdate","#formatdate":"formatdate","#dateformat":"formatdate","#destino":"target","#target":"target","#babel":"babel","#coordinates":"coordinates","#invocar":"invoke","#invoke":"invoke","#related":"related","#si":"if","#if":"if",
"#siigual":"ifeq","#ifeq":"ifeq","#según":"switch","#switch":"switch","#siexiste":"ifexist","#ifexist":"ifexist","#siexpr":"ifexpr","#ifexpr":"ifexpr","#sierror":"iferror","#iferror":"iferror","#tiempo":"time","#time":"time","#tiempol":"timel","#timel":"timel","#expr":"expr","#rel2abs":"rel2abs","#titleparts":"titleparts","#árboldecategorías":"categorytree","#arboldecategorias":"categorytree","#categorytree":"categorytree","#lst":"lst","#section":"lst","#lstx":"lstx","#section-x":"lstx","#lsth":"lsth","#section-h":"lsth","nointerwikis":"noexternallanglinks","noexternallanglinks":"noexternallanglinks","#propiedad":"property","#property":"property","#statements":"statements","#commaseparatedlist":"commaSeparatedList","#mentor":"mentor","rutaartículo":"articlepath","rutaarticulo":"articlepath","articlepath":"articlepath","servidor":"server","server":"server","nombreservidor":"servername","servername":"servername","rutascript":"scriptpath","rutadescript":"scriptpath","scriptpath":
"scriptpath","rutaestilo":"stylepath","rutadeestilo":"stylepath","stylepath":"stylepath","numberofwikis":"numberofwikis","wbreponame":"wbreponame"},{"NÚMEROENGRUPO":"numberingroup","NUMEROENGRUPO":"numberingroup","NUMENGRUPO":"numberingroup","NÚMENGRUPO":"numberingroup","NUMBERINGROUP":"numberingroup","NUMINGROUP":"numberingroup","ORDENAR":"defaultsort","CLAVEDEORDENPREDETERMINADO":"defaultsort","ORDENDECATEGORIAPREDETERMINADO":"defaultsort","ORDENDECATEGORÍAPREDETERMINADO":"defaultsort","DEFAULTSORT":"defaultsort","DEFAULTSORTKEY":"defaultsort","DEFAULTCATEGORYSORT":"defaultsort","PÁGINASENCATEGORÍA":"pagesincategory","PÁGINASENCAT":"pagesincategory","PAGSENCAT":"pagesincategory","PAGINASENCATEGORIA":"pagesincategory","PAGINASENCAT":"pagesincategory","PAGESINCATEGORY":"pagesincategory","PAGESINCAT":"pagesincategory","TAMAÑOPÁGINA":"pagesize","TAMAÑODEPÁGINA":"pagesize","TAMAÑOPAGINA":"pagesize","TAMAÑODEPAGINA":"pagesize","PAGESIZE":"pagesize","NIVELDEPROTECCIÓN":
"protectionlevel","NIVELDEPROTECCION":"protectionlevel","PROTECTIONLEVEL":"protectionlevel","PROTECTIONEXPIRY":"protectionexpiry","NOMBREDEPAGINA":"pagename","NOMBREDEPÁGINA":"pagename","PAGENAME":"pagename","NOMBREDEPAGINAC":"pagenamee","NOMBREDEPÁGINAC":"pagenamee","PAGENAMEE":"pagenamee","NOMBRECOMPLETODEPÁGINA":"fullpagename","NOMBRECOMPLETODEPAGINA":"fullpagename","FULLPAGENAME":"fullpagename","NOMBRECOMPLETODEPAGINAC":"fullpagenamee","NOMBRECOMPLETODEPÁGINAC":"fullpagenamee","FULLPAGENAMEE":"fullpagenamee","NOMBREDESUBPAGINA":"subpagename","NOMBREDESUBPÁGINA":"subpagename","SUBPAGENAME":"subpagename","NOMBREDESUBPAGINAC":"subpagenamee","NOMBREDESUBPÁGINAC":"subpagenamee","SUBPAGENAMEE":"subpagenamee","NOMBREDEPAGINARAIZ":"rootpagename","NOMBREDEPÁGINARAÍZ":"rootpagename","ROOTPAGENAME":"rootpagename","NOMBREDEPAGINARAIZC":"rootpagenamee","NOMBREDEPÁGINARAÍZC":"rootpagenamee","ROOTPAGENAMEE":"rootpagenamee","NOMBREDEPAGINABASE":"basepagename","NOMBREDEPÁGINABASE":
"basepagename","BASEPAGENAME":"basepagename","NOMBREDEPAGINABASEC":"basepagenamee","NOMBREDEPÁGINABASEC":"basepagenamee","BASEPAGENAMEE":"basepagenamee","NOMBREDEPÁGINADEDISCUSIÓN":"talkpagename","NOMBREDEPAGINADEDISCUSION":"talkpagename","NOMBREDEPAGINADISCUSION":"talkpagename","NOMBREDEPÁGINADISCUSIÓN":"talkpagename","TALKPAGENAME":"talkpagename","NOMBREDEPÁGINADEDISCUSIÓNC":"talkpagenamee","NOMBREDEPAGINADEDISCUSIONC":"talkpagenamee","NOMBREDEPAGINADISCUSIONC":"talkpagenamee","NOMBREDEPÁGINADISCUSIÓNC":"talkpagenamee","TALKPAGENAMEE":"talkpagenamee","NOMBREDEPAGINADETEMA":"subjectpagename","NOMBREDEPÁGINADETEMA":"subjectpagename","NOMBREDEPÁGINADEASUNTO":"subjectpagename","NOMBREDEPAGINADEASUNTO":"subjectpagename","NOMBREDEPAGINADEARTICULO":"subjectpagename","NOMBREDEPÁGINADEARTÍCULO":"subjectpagename","SUBJECTPAGENAME":"subjectpagename","ARTICLEPAGENAME":"subjectpagename","NOMBREDEPAGINADETEMAC":"subjectpagenamee","NOMBREDEPÁGINADETEMAC":"subjectpagenamee",
"NOMBREDEPÁGINADEASUNTOC":"subjectpagenamee","NOMBREDEPAGINADEASUNTOC":"subjectpagenamee","NOMBREDEPAGINADEARTICULOC":"subjectpagenamee","NOMBREDEPÁGINADEARTÍCULOC":"subjectpagenamee","SUBJECTPAGENAMEE":"subjectpagenamee","ARTICLEPAGENAMEE":"subjectpagenamee","IDDEREVISION":"revisionid","IDREVISION":"revisionid","IDDEREVISIÓN":"revisionid","IDREVISIÓN":"revisionid","REVISIONID":"revisionid","DIADEREVISION":"revisionday","DIAREVISION":"revisionday","DÍADEREVISIÓN":"revisionday","DÍAREVISIÓN":"revisionday","REVISIONDAY":"revisionday","DIADEREVISION2":"revisionday2","DIAREVISION2":"revisionday2","DÍADEREVISIÓN2":"revisionday2","DÍAREVISIÓN2":"revisionday2","REVISIONDAY2":"revisionday2","MESDEREVISION":"revisionmonth","MESDEREVISIÓN":"revisionmonth","MESREVISION":"revisionmonth","MESREVISIÓN":"revisionmonth","REVISIONMONTH":"revisionmonth","MESDEREVISION1":"revisionmonth1","MESDEREVISIÓN1":"revisionmonth1","MESREVISION1":"revisionmonth1","MESREVISIÓN1":"revisionmonth1",
"REVISIONMONTH1":"revisionmonth1","AÑODEREVISION":"revisionyear","AÑODEREVISIÓN":"revisionyear","AÑOREVISION":"revisionyear","AÑOREVISIÓN":"revisionyear","REVISIONYEAR":"revisionyear","MARCADEHORADEREVISION":"revisiontimestamp","MARCADEHORADEREVISIÓN":"revisiontimestamp","REVISIONTIMESTAMP":"revisiontimestamp","USUARIODEREVISION":"revisionuser","USUARIODEREVISIÓN":"revisionuser","REVISIONUSER":"revisionuser","CASCADINGSOURCES":"cascadingsources","ESPACIODENOMBRES":"namespace","ESPACIODENOMBRE":"namespace","NAMESPACE":"namespace","ESPACIODENOMBRESE":"namespacee","ESPACIODENOMBREC":"namespacee","NAMESPACEE":"namespacee","NÚMERODELESPACIO":"namespacenumber","NAMESPACENUMBER":"namespacenumber","ESPACIODEDISCUSION":"talkspace","ESPACIODEDISCUSIÓN":"talkspace","TALKSPACE":"talkspace","ESPACIODEDISCUSIONC":"talkspacee","TALKSPACEE":"talkspacee","ESPACIODEASUNTO":"subjectspace","ESPACIODETEMA":"subjectspace","ESPACIODEARTÍCULO":"subjectspace","ESPACIODEARTICULO":"subjectspace",
"SUBJECTSPACE":"subjectspace","ARTICLESPACE":"subjectspace","ESPACIODETEMAC":"subjectspacee","ESPACIODEASUNTOC":"subjectspacee","ESPACIODEARTICULOC":"subjectspacee","ESPACIODEARTÍCULOC":"subjectspacee","SUBJECTSPACEE":"subjectspacee","ARTICLESPACEE":"subjectspacee","NÚMERODEARTÍCULOS":"numberofarticles","NUMERODEARTICULOS":"numberofarticles","NUMBEROFARTICLES":"numberofarticles","NÚMERODEARCHIVOS":"numberoffiles","NUMERODEARCHIVOS":"numberoffiles","NUMBEROFFILES":"numberoffiles","NÚMERODEUSUARIOS":"numberofusers","NUMERODEUSUARIOS":"numberofusers","NUMBEROFUSERS":"numberofusers","NÚMERODEUSUARIOSACTIVOS":"numberofactiveusers","NUMERODEUSUARIOSACTIVOS":"numberofactiveusers","NUMBEROFACTIVEUSERS":"numberofactiveusers","NÚMERODEPÁGINAS":"numberofpages","NUMERODEPAGINAS":"numberofpages","NUMBEROFPAGES":"numberofpages","NÚMEROADMINIISTRADORES":"numberofadmins","NÚMEROADMINS":"numberofadmins","NUMEROADMINS":"numberofadmins","NUMEROADMINISTRADORES":"numberofadmins",
"NUMERODEADMINISTRADORES":"numberofadmins","NUMERODEADMINS":"numberofadmins","NÚMERODEADMINISTRADORES":"numberofadmins","NÚMERODEADMINS":"numberofadmins","NUMBEROFADMINS":"numberofadmins","NÚMERODEEDICIONES":"numberofedits","NUMERODEEDICIONES":"numberofedits","NUMBEROFEDITS":"numberofedits","TÍTOL":"displaytitle","MOSTRARTÍTULO":"displaytitle","MOSTRARTITULO":"displaytitle","DISPLAYTITLE":"displaytitle","!":"!","=":"=","MESACTUAL":"currentmonth","MESACTUAL2":"currentmonth","CURRENTMONTH":"currentmonth","CURRENTMONTH2":"currentmonth","MESACTUAL1":"currentmonth1","CURRENTMONTH1":"currentmonth1","MESACTUALCOMPLETO":"currentmonthname","NOMBREMESACTUAL":"currentmonthname","CURRENTMONTHNAME":"currentmonthname","MESACTUALGENITIVO":"currentmonthnamegen","CURRENTMONTHNAMEGEN":"currentmonthnamegen","MESACTUALABREVIADO":"currentmonthabbrev","CURRENTMONTHABBREV":"currentmonthabbrev","DÍAACTUAL":"currentday","DIAACTUAL":"currentday","DÍA_ACTUAL":"currentday","DIA_ACTUAL":"currentday",
"CURRENTDAY":"currentday","DÍAACTUAL2":"currentday2","DIAACTUAL2":"currentday2","DÍA_ACTUAL2":"currentday2","DIA_ACTUAL2":"currentday2","CURRENTDAY2":"currentday2","NOMBREDÍAACTUAL":"currentdayname","NOMBREDIAACTUAL":"currentdayname","CURRENTDAYNAME":"currentdayname","AÑOACTUAL":"currentyear","AÑO_ACTUAL":"currentyear","CURRENTYEAR":"currentyear","HORA_MINUTOS_ACTUAL":"currenttime","HORAMINUTOSACTUAL":"currenttime","TIEMPOACTUAL":"currenttime","CURRENTTIME":"currenttime","HORAACTUAL":"currenthour","HORA_ACTUAL":"currenthour","CURRENTHOUR":"currenthour","MESLOCAL":"localmonth","MESLOCAL2":"localmonth","LOCALMONTH":"localmonth","LOCALMONTH2":"localmonth","MESLOCAL1":"localmonth1","LOCALMONTH1":"localmonth1","MESLOCALCOMPLETO":"localmonthname","NOMBREMESLOCAL":"localmonthname","LOCALMONTHNAME":"localmonthname","MESLOCALGENITIVO":"localmonthnamegen","LOCALMONTHNAMEGEN":"localmonthnamegen","MESLOCALABREVIADO":"localmonthabbrev","LOCALMONTHABBREV":"localmonthabbrev","DÍALOCAL":
"localday","DIALOCAL":"localday","LOCALDAY":"localday","DIALOCAL2":"localday2","DÍALOCAL2":"localday2","LOCALDAY2":"localday2","NOMBREDIALOCAL":"localdayname","NOMBREDÍALOCAL":"localdayname","LOCALDAYNAME":"localdayname","AÑOLOCAL":"localyear","LOCALYEAR":"localyear","HORAMINUTOSLOCAL":"localtime","TIEMPOLOCAL":"localtime","LOCALTIME":"localtime","HORALOCAL":"localhour","LOCALHOUR":"localhour","NOMBREDELSITIO":"sitename","SITENAME":"sitename","SEMANAACTUAL":"currentweek","CURRENTWEEK":"currentweek","DDSACTUAL":"currentdow","DIADESEMANAACTUAL":"currentdow","DÍADESEMANAACTUAL":"currentdow","CURRENTDOW":"currentdow","SEMANALOCAL":"localweek","LOCALWEEK":"localweek","DDSLOCAL":"localdow","DIADESEMANALOCAL":"localdow","DÍADESEMANALOCAL":"localdow","LOCALDOW":"localdow","TAMAÑODEREVISIÓN":"revisionsize","TAMAÑODEREVISION":"revisionsize","REVISIONSIZE":"revisionsize","BERSIÓNAUTUAL":"currentversion","BERSIONAUTUAL":"currentversion","REVISIÓNACTUAL":"currentversion","VERSIONACTUAL":
"currentversion","VERSIÓNACTUAL":"currentversion","CURRENTVERSION":"currentversion","MARCADEHORAACTUAL":"currenttimestamp","CURRENTTIMESTAMP":"currenttimestamp","MARCADEHORALOCAL":"localtimestamp","LOCALTIMESTAMP":"localtimestamp","DIRECTIONMARK":"directionmark","DIRMARK":"directionmark","IDIOMADELCONTENIDO":"contentlanguage","IDIOMADELCONT":"contentlanguage","CONTENTLANGUAGE":"contentlanguage","CONTENTLANG":"contentlanguage","PAGELANGUAGE":"pagelanguage"}],"urlProtocols":"bitcoin\\:|ftp\\:\\/\\/|ftps\\:\\/\\/|geo\\:|git\\:\\/\\/|gopher\\:\\/\\/|http\\:\\/\\/|https\\:\\/\\/|irc\\:\\/\\/|ircs\\:\\/\\/|magnet\\:|mailto\\:|mms\\:\\/\\/|news\\:|nntp\\:\\/\\/|redis\\:\\/\\/|sftp\\:\\/\\/|sip\\:|sips\\:|sms\\:|ssh\\:\\/\\/|svn\\:\\/\\/|tel\\:|telnet\\:\\/\\/|urn\\:|worldwind\\:\\/\\/|xmpp\\:|\\/\\/","linkTrailCharacters":"/^([a-záéíóúñ]+)(.*)$/sDu"}}