[
  {
    "languageCode" : "aa",
    "languageName" : "Qafár af",
    "localName" : "Afar"
  },
  {
    "languageCode" : "ab",
    "languageName" : "аԥсшәа",
    "localName" : "Abkhazian"
  },
  {
    "languageCode" : "ace",
    "languageName" : "Acèh",
    "localName" : "Achinese"
  },
  {
    "languageCode" : "ady",
    "languageName" : "адыгабзэ",
    "localName" : "Adyghe"
  },
  {
    "languageCode" : "af",
    "languageName" : "Afrikaans",
    "localName" : "Afrikaans"
  },
  {
    "languageCode" : "ak",
    "languageName" : "Akan",
    "localName" : "Akan"
  },
  {
    "languageCode" : "als",
    "languageName" : "Alemannisch",
    "localName" : "Alemannisch"
  },
  {
    "languageCode" : "alt",
    "languageName" : "алтай тил",
    "localName" : "Southern Altai"
  },
  {
    "languageCode" : "am",
    "languageName" : "አማርኛ",
    "localName" : "Amharic"
  },
  {
    "languageCode" : "ami",
    "languageName" : "Pangcah",
    "localName" : "Amis"
  },
  {
    "languageCode" : "an",
    "languageName" : "aragonés",
    "localName" : "Aragonese"
  },
  {
    "languageCode" : "ang",
    "languageName" : "Ænglisc",
    "localName" : "Old English"
  },
  {
    "languageCode" : "ar",
    "languageName" : "العربية",
    "localName" : "Arabic"
  },
  {
    "languageCode" : "arc",
    "languageName" : "ܐܪܡܝܐ",
    "localName" : "Aramaic"
  },
  {
    "languageCode" : "ary",
    "languageName" : "الدارجة",
    "localName" : "Moroccan Arabic"
  },
  {
    "languageCode" : "arz",
    "languageName" : "مصرى",
    "localName" : "Egyptian Arabic"
  },
  {
    "languageCode" : "as",
    "languageName" : "অসমীয়া",
    "localName" : "Assamese"
  },
  {
    "languageCode" : "ast",
    "languageName" : "asturianu",
    "localName" : "Asturian"
  },
  {
    "languageCode" : "atj",
    "languageName" : "Atikamekw",
    "localName" : "Atikamekw"
  },
  {
    "languageCode" : "av",
    "languageName" : "авар",
    "localName" : "Avaric"
  },
  {
    "languageCode" : "avk",
    "languageName" : "Kotava",
    "localName" : "Kotava"
  },
  {
    "languageCode" : "awa",
    "languageName" : "अवधी",
    "localName" : "Awadhi"
  },
  {
    "languageCode" : "ay",
    "languageName" : "Aymar aru",
    "localName" : "Aymara"
  },
  {
    "languageCode" : "az",
    "languageName" : "azərbaycanca",
    "localName" : "Azerbaijani"
  },
  {
    "languageCode" : "azb",
    "languageName" : "تۆرکجه",
    "localName" : "South Azerbaijani"
  },
  {
    "languageCode" : "ba",
    "languageName" : "башҡортса",
    "localName" : "Bashkir"
  },
  {
    "languageCode" : "ban",
    "languageName" : "Basa Bali",
    "localName" : "Balinese"
  },
  {
    "languageCode" : "bar",
    "languageName" : "Boarisch",
    "localName" : "Bavarian"
  },
  {
    "languageCode" : "bat-smg",
    "languageName" : "žemaitėška",
    "localName" : "Samogitian"
  },
  {
    "languageCode" : "bcl",
    "languageName" : "Bikol Central",
    "localName" : "Central Bikol"
  },
  {
    "languageCode" : "be",
    "languageName" : "беларуская",
    "localName" : "Belarusian"
  },
  {
    "languageCode" : "be-tarask",
    "languageName" : "беларуская (тарашкевіца)",
    "localName" : "Belarusian (Taraškievica orthography)"
  },
  {
    "languageCode" : "be-x-old",
    "languageName" : "беларуская (тарашкевіца)",
    "localName" : "Belarusian (Taraškievica orthography)"
  },
  {
    "languageCode" : "bg",
    "languageName" : "български",
    "localName" : "Bulgarian"
  },
  {
    "languageCode" : "bh",
    "languageName" : "भोजपुरी",
    "localName" : "Bhojpuri"
  },
  {
    "languageCode" : "bi",
    "languageName" : "Bislama",
    "localName" : "Bislama"
  },
  {
    "languageCode" : "bjn",
    "languageName" : "Banjar",
    "localName" : "Banjar"
  },
  {
    "languageCode" : "blk",
    "languageName" : "ပအိုဝ်ႏဘာႏသာႏ",
    "localName" : "Pa'O"
  },
  {
    "languageCode" : "bm",
    "languageName" : "bamanankan",
    "localName" : "Bambara"
  },
  {
    "languageCode" : "bn",
    "languageName" : "বাংলা",
    "localName" : "Bangla"
  },
  {
    "languageCode" : "bo",
    "languageName" : "བོད་ཡིག",
    "localName" : "Tibetan"
  },
  {
    "languageCode" : "bpy",
    "languageName" : "বিষ্ণুপ্রিয়া মণিপুরী",
    "localName" : "Bishnupriya"
  },
  {
    "languageCode" : "br",
    "languageName" : "brezhoneg",
    "localName" : "Breton"
  },
  {
    "languageCode" : "bs",
    "languageName" : "bosanski",
    "localName" : "Bosnian"
  },
  {
    "languageCode" : "bug",
    "languageName" : "ᨅᨔ ᨕᨘᨁᨗ",
    "localName" : "Buginese"
  },
  {
    "languageCode" : "bxr",
    "languageName" : "буряад",
    "localName" : "Russia Buriat"
  },
  {
    "languageCode" : "ca",
    "languageName" : "català",
    "localName" : "Catalan"
  },
  {
    "languageCode" : "cbk-zam",
    "languageName" : "Chavacano de Zamboanga",
    "localName" : "Chavacano"
  },
  {
    "languageCode" : "cdo",
    "languageName" : "閩東語 \/ Mìng-dĕ̤ng-ngṳ̄",
    "localName" : "Min Dong Chinese"
  },
  {
    "languageCode" : "ce",
    "languageName" : "нохчийн",
    "localName" : "Chechen"
  },
  {
    "languageCode" : "ceb",
    "languageName" : "Cebuano",
    "localName" : "Cebuano"
  },
  {
    "languageCode" : "ch",
    "languageName" : "Chamoru",
    "localName" : "Chamorro"
  },
  {
    "languageCode" : "cho",
    "languageName" : "Chahta Anumpa",
    "localName" : "Choctaw"
  },
  {
    "languageCode" : "chr",
    "languageName" : "ᏣᎳᎩ",
    "localName" : "Cherokee"
  },
  {
    "languageCode" : "chy",
    "languageName" : "Tsetsêhestâhese",
    "localName" : "Cheyenne"
  },
  {
    "languageCode" : "ckb",
    "languageName" : "کوردی",
    "localName" : "Central Kurdish"
  },
  {
    "languageCode" : "co",
    "languageName" : "corsu",
    "localName" : "Corsican"
  },
  {
    "languageCode" : "cr",
    "languageName" : "Nēhiyawēwin \/ ᓀᐦᐃᔭᐍᐏᐣ",
    "localName" : "Cree"
  },
  {
    "languageCode" : "crh",
    "languageName" : "qırımtatarca",
    "localName" : "Crimean Tatar"
  },
  {
    "languageCode" : "cs",
    "languageName" : "čeština",
    "localName" : "Czech"
  },
  {
    "languageCode" : "csb",
    "languageName" : "kaszëbsczi",
    "localName" : "Kashubian"
  },
  {
    "languageCode" : "cu",
    "languageName" : "словѣньскъ \/ ⰔⰎⰑⰂⰡⰐⰠⰔⰍⰟ",
    "localName" : "Church Slavic"
  },
  {
    "languageCode" : "cv",
    "languageName" : "чӑвашла",
    "localName" : "Chuvash"
  },
  {
    "languageCode" : "cy",
    "languageName" : "Cymraeg",
    "localName" : "Welsh"
  },
  {
    "languageCode" : "da",
    "languageName" : "dansk",
    "localName" : "Danish"
  },
  {
    "languageCode" : "dag",
    "languageName" : "dagbanli",
    "localName" : "Dagbani"
  },
  {
    "languageCode" : "de",
    "languageName" : "Deutsch",
    "localName" : "German"
  },
  {
    "languageCode" : "din",
    "languageName" : "Thuɔŋjäŋ",
    "localName" : "Dinka"
  },
  {
    "languageCode" : "diq",
    "languageName" : "Zazaki",
    "localName" : "Zazaki"
  },
  {
    "languageCode" : "dsb",
    "languageName" : "dolnoserbski",
    "localName" : "Lower Sorbian"
  },
  {
    "languageCode" : "dty",
    "languageName" : "डोटेली",
    "localName" : "Doteli"
  },
  {
    "languageCode" : "dv",
    "languageName" : "ދިވެހިބަސް",
    "localName" : "Divehi"
  },
  {
    "languageCode" : "dz",
    "languageName" : "ཇོང་ཁ",
    "localName" : "Dzongkha"
  },
  {
    "languageCode" : "ee",
    "languageName" : "eʋegbe",
    "localName" : "Ewe"
  },
  {
    "languageCode" : "el",
    "languageName" : "Ελληνικά",
    "localName" : "Greek"
  },
  {
    "languageCode" : "eml",
    "languageName" : "emiliàn e rumagnòl",
    "localName" : "Emiliano-Romagnolo"
  },
  {
    "languageCode" : "en",
    "languageName" : "English",
    "localName" : "English"
  },
  {
    "languageCode" : "eo",
    "languageName" : "Esperanto",
    "localName" : "Esperanto"
  },
  {
    "languageCode" : "es",
    "languageName" : "español",
    "localName" : "Spanish"
  },
  {
    "languageCode" : "et",
    "languageName" : "eesti",
    "localName" : "Estonian"
  },
  {
    "languageCode" : "eu",
    "languageName" : "euskara",
    "localName" : "Basque"
  },
  {
    "languageCode" : "ext",
    "languageName" : "estremeñu",
    "localName" : "Extremaduran"
  },
  {
    "languageCode" : "fa",
    "languageName" : "فارسی",
    "localName" : "Persian"
  },
  {
    "languageCode" : "ff",
    "languageName" : "Fulfulde",
    "localName" : "Fulah"
  },
  {
    "languageCode" : "fi",
    "languageName" : "suomi",
    "localName" : "Finnish"
  },
  {
    "languageCode" : "fiu-vro",
    "languageName" : "võro",
    "localName" : "võro"
  },
  {
    "languageCode" : "fj",
    "languageName" : "Na Vosa Vakaviti",
    "localName" : "Fijian"
  },
  {
    "languageCode" : "fo",
    "languageName" : "føroyskt",
    "localName" : "Faroese"
  },
  {
    "languageCode" : "fr",
    "languageName" : "français",
    "localName" : "French"
  },
  {
    "languageCode" : "frp",
    "languageName" : "arpetan",
    "localName" : "Arpitan"
  },
  {
    "languageCode" : "frr",
    "languageName" : "Nordfriisk",
    "localName" : "Northern Frisian"
  },
  {
    "languageCode" : "fur",
    "languageName" : "furlan",
    "localName" : "Friulian"
  },
  {
    "languageCode" : "fy",
    "languageName" : "Frysk",
    "localName" : "Western Frisian"
  },
  {
    "languageCode" : "ga",
    "languageName" : "Gaeilge",
    "localName" : "Irish"
  },
  {
    "languageCode" : "gag",
    "languageName" : "Gagauz",
    "localName" : "Gagauz"
  },
  {
    "languageCode" : "gan",
    "languageName" : "贛語",
    "localName" : "Gan Chinese"
  },
  {
    "languageCode" : "gcr",
    "languageName" : "kriyòl gwiyannen",
    "localName" : "Guianan Creole"
  },
  {
    "languageCode" : "gd",
    "languageName" : "Gàidhlig",
    "localName" : "Scottish Gaelic"
  },
  {
    "languageCode" : "gl",
    "languageName" : "galego",
    "localName" : "Galician"
  },
  {
    "languageCode" : "glk",
    "languageName" : "گیلکی",
    "localName" : "Gilaki"
  },
  {
    "languageCode" : "gn",
    "languageName" : "Avañe'ẽ",
    "localName" : "Guarani"
  },
  {
    "languageCode" : "gom",
    "languageName" : "गोंयची कोंकणी \/ Gõychi Konknni",
    "localName" : "Goan Konkani"
  },
  {
    "languageCode" : "gor",
    "languageName" : "Bahasa Hulontalo",
    "localName" : "Gorontalo"
  },
  {
    "languageCode" : "got",
    "languageName" : "𐌲𐌿𐍄𐌹𐍃𐌺",
    "localName" : "Gothic"
  },
  {
    "languageCode" : "gu",
    "languageName" : "ગુજરાતી",
    "localName" : "Gujarati"
  },
  {
    "languageCode" : "guw",
    "languageName" : "gungbe",
    "localName" : "Gun"
  },
  {
    "languageCode" : "gv",
    "languageName" : "Gaelg",
    "localName" : "Manx"
  },
  {
    "languageCode" : "ha",
    "languageName" : "Hausa",
    "localName" : "Hausa"
  },
  {
    "languageCode" : "hak",
    "languageName" : "客家語\/Hak-kâ-ngî",
    "localName" : "Hakka Chinese"
  },
  {
    "languageCode" : "haw",
    "languageName" : "Hawaiʻi",
    "localName" : "Hawaiian"
  },
  {
    "languageCode" : "he",
    "languageName" : "עברית",
    "localName" : "Hebrew"
  },
  {
    "languageCode" : "hi",
    "languageName" : "हिन्दी",
    "localName" : "Hindi"
  },
  {
    "languageCode" : "hif",
    "languageName" : "Fiji Hindi",
    "localName" : "Fiji Hindi"
  },
  {
    "languageCode" : "ho",
    "languageName" : "Hiri Motu",
    "localName" : "Hiri Motu"
  },
  {
    "languageCode" : "hr",
    "languageName" : "hrvatski",
    "localName" : "Croatian"
  },
  {
    "languageCode" : "hsb",
    "languageName" : "hornjoserbsce",
    "localName" : "Upper Sorbian"
  },
  {
    "languageCode" : "ht",
    "languageName" : "Kreyòl ayisyen",
    "localName" : "Haitian Creole"
  },
  {
    "languageCode" : "hu",
    "languageName" : "magyar",
    "localName" : "Hungarian"
  },
  {
    "languageCode" : "hy",
    "languageName" : "հայերեն",
    "localName" : "Armenian"
  },
  {
    "languageCode" : "hyw",
    "languageName" : "Արեւմտահայերէն",
    "localName" : "Western Armenian"
  },
  {
    "languageCode" : "hz",
    "languageName" : "Otsiherero",
    "localName" : "Herero"
  },
  {
    "languageCode" : "ia",
    "languageName" : "interlingua",
    "localName" : "Interlingua"
  },
  {
    "languageCode" : "id",
    "languageName" : "Bahasa Indonesia",
    "localName" : "Indonesian"
  },
  {
    "languageCode" : "ie",
    "languageName" : "Interlingue",
    "localName" : "Interlingue"
  },
  {
    "languageCode" : "ig",
    "languageName" : "Igbo",
    "localName" : "Igbo"
  },
  {
    "languageCode" : "ii",
    "languageName" : "ꆇꉙ",
    "localName" : "Sichuan Yi"
  },
  {
    "languageCode" : "ik",
    "languageName" : "Iñupiatun",
    "localName" : "Inupiaq"
  },
  {
    "languageCode" : "ilo",
    "languageName" : "Ilokano",
    "localName" : "Iloko"
  },
  {
    "languageCode" : "inh",
    "languageName" : "гӀалгӀай",
    "localName" : "Ingush"
  },
  {
    "languageCode" : "io",
    "languageName" : "Ido",
    "localName" : "Ido"
  },
  {
    "languageCode" : "is",
    "languageName" : "íslenska",
    "localName" : "Icelandic"
  },
  {
    "languageCode" : "it",
    "languageName" : "italiano",
    "localName" : "Italian"
  },
  {
    "languageCode" : "iu",
    "languageName" : "ᐃᓄᒃᑎᑐᑦ\/inuktitut",
    "localName" : "Inuktitut"
  },
  {
    "languageCode" : "ja",
    "languageName" : "日本語",
    "localName" : "Japanese"
  },
  {
    "languageCode" : "jam",
    "languageName" : "Patois",
    "localName" : "Jamaican Creole English"
  },
  {
    "languageCode" : "jbo",
    "languageName" : "la .lojban.",
    "localName" : "Lojban"
  },
  {
    "languageCode" : "jv",
    "languageName" : "Jawa",
    "localName" : "Javanese"
  },
  {
    "languageCode" : "ka",
    "languageName" : "ქართული",
    "localName" : "Georgian"
  },
  {
    "languageCode" : "kaa",
    "languageName" : "Qaraqalpaqsha",
    "localName" : "Kara-Kalpak"
  },
  {
    "languageCode" : "kab",
    "languageName" : "Taqbaylit",
    "localName" : "Kabyle"
  },
  {
    "languageCode" : "kbd",
    "languageName" : "адыгэбзэ",
    "localName" : "Kabardian"
  },
  {
    "languageCode" : "kbp",
    "languageName" : "Kabɩyɛ",
    "localName" : "Kabiye"
  },
  {
    "languageCode" : "kcg",
    "languageName" : "Tyap",
    "localName" : "Tyap"
  },
  {
    "languageCode" : "kg",
    "languageName" : "Kongo",
    "localName" : "Kongo"
  },
  {
    "languageCode" : "ki",
    "languageName" : "Gĩkũyũ",
    "localName" : "Kikuyu"
  },
  {
    "languageCode" : "kj",
    "languageName" : "Kwanyama",
    "localName" : "Kuanyama"
  },
  {
    "languageCode" : "kk",
    "languageName" : "қазақша",
    "localName" : "Kazakh"
  },
  {
    "languageCode" : "kl",
    "languageName" : "kalaallisut",
    "localName" : "Kalaallisut"
  },
  {
    "languageCode" : "km",
    "languageName" : "ភាសាខ្មែរ",
    "localName" : "Khmer"
  },
  {
    "languageCode" : "kn",
    "languageName" : "ಕನ್ನಡ",
    "localName" : "Kannada"
  },
  {
    "languageCode" : "ko",
    "languageName" : "한국어",
    "localName" : "Korean"
  },
  {
    "languageCode" : "koi",
    "languageName" : "перем коми",
    "localName" : "Komi-Permyak"
  },
  {
    "languageCode" : "kr",
    "languageName" : "kanuri",
    "localName" : "Kanuri"
  },
  {
    "languageCode" : "krc",
    "languageName" : "къарачай-малкъар",
    "localName" : "Karachay-Balkar"
  },
  {
    "languageCode" : "ks",
    "languageName" : "कॉशुर \/ کٲشُر",
    "localName" : "Kashmiri"
  },
  {
    "languageCode" : "ksh",
    "languageName" : "Ripoarisch",
    "localName" : "Colognian"
  },
  {
    "languageCode" : "ku",
    "languageName" : "kurdî",
    "localName" : "Kurdish"
  },
  {
    "languageCode" : "kv",
    "languageName" : "коми",
    "localName" : "Komi"
  },
  {
    "languageCode" : "kw",
    "languageName" : "kernowek",
    "localName" : "Cornish"
  },
  {
    "languageCode" : "ky",
    "languageName" : "кыргызча",
    "localName" : "Kyrgyz"
  },
  {
    "languageCode" : "la",
    "languageName" : "Latina",
    "localName" : "Latin"
  },
  {
    "languageCode" : "lad",
    "languageName" : "Ladino",
    "localName" : "Ladino"
  },
  {
    "languageCode" : "lb",
    "languageName" : "Lëtzebuergesch",
    "localName" : "Luxembourgish"
  },
  {
    "languageCode" : "lbe",
    "languageName" : "лакку",
    "localName" : "Lak"
  },
  {
    "languageCode" : "lez",
    "languageName" : "лезги",
    "localName" : "Lezghian"
  },
  {
    "languageCode" : "lfn",
    "languageName" : "Lingua Franca Nova",
    "localName" : "Lingua Franca Nova"
  },
  {
    "languageCode" : "lg",
    "languageName" : "Luganda",
    "localName" : "Ganda"
  },
  {
    "languageCode" : "li",
    "languageName" : "Limburgs",
    "localName" : "Limburgish"
  },
  {
    "languageCode" : "lij",
    "languageName" : "Ligure",
    "localName" : "Ligurian"
  },
  {
    "languageCode" : "lld",
    "languageName" : "Ladin",
    "localName" : "Ladin"
  },
  {
    "languageCode" : "lmo",
    "languageName" : "lombard",
    "localName" : "Lombard"
  },
  {
    "languageCode" : "ln",
    "languageName" : "lingála",
    "localName" : "Lingala"
  },
  {
    "languageCode" : "lo",
    "languageName" : "ລາວ",
    "localName" : "Lao"
  },
  {
    "languageCode" : "lrc",
    "languageName" : "لۊری شومالی",
    "localName" : "Northern Luri"
  },
  {
    "languageCode" : "lt",
    "languageName" : "lietuvių",
    "localName" : "Lithuanian"
  },
  {
    "languageCode" : "ltg",
    "languageName" : "latgaļu",
    "localName" : "Latgalian"
  },
  {
    "languageCode" : "lv",
    "languageName" : "latviešu",
    "localName" : "Latvian"
  },
  {
    "languageCode" : "mad",
    "languageName" : "Madhurâ",
    "localName" : "Madurese"
  },
  {
    "languageCode" : "mai",
    "languageName" : "मैथिली",
    "localName" : "Maithili"
  },
  {
    "languageCode" : "map-bms",
    "languageName" : "Basa Banyumasan",
    "localName" : "Basa Banyumasan"
  },
  {
    "languageCode" : "mdf",
    "languageName" : "мокшень",
    "localName" : "Moksha"
  },
  {
    "languageCode" : "mg",
    "languageName" : "Malagasy",
    "localName" : "Malagasy"
  },
  {
    "languageCode" : "mh",
    "languageName" : "Ebon",
    "localName" : "Marshallese"
  },
  {
    "languageCode" : "mhr",
    "languageName" : "олык марий",
    "localName" : "Eastern Mari"
  },
  {
    "languageCode" : "mi",
    "languageName" : "Māori",
    "localName" : "Maori"
  },
  {
    "languageCode" : "min",
    "languageName" : "Minangkabau",
    "localName" : "Minangkabau"
  },
  {
    "languageCode" : "mk",
    "languageName" : "македонски",
    "localName" : "Macedonian"
  },
  {
    "languageCode" : "ml",
    "languageName" : "മലയാളം",
    "localName" : "Malayalam"
  },
  {
    "languageCode" : "mn",
    "languageName" : "монгол",
    "localName" : "Mongolian"
  },
  {
    "languageCode" : "mni",
    "languageName" : "ꯃꯤꯇꯩ ꯂꯣꯟ",
    "localName" : "Manipuri"
  },
  {
    "languageCode" : "mnw",
    "languageName" : "ဘာသာ မန်",
    "localName" : "Mon"
  },
  {
    "languageCode" : "mo",
    "languageName" : "молдовеняскэ",
    "localName" : "Moldovan"
  },
  {
    "languageCode" : "mr",
    "languageName" : "मराठी",
    "localName" : "Marathi"
  },
  {
    "languageCode" : "mrj",
    "languageName" : "кырык мары",
    "localName" : "Western Mari"
  },
  {
    "languageCode" : "ms",
    "languageName" : "Bahasa Melayu",
    "localName" : "Malay"
  },
  {
    "languageCode" : "mt",
    "languageName" : "Malti",
    "localName" : "Maltese"
  },
  {
    "languageCode" : "mus",
    "languageName" : "Mvskoke",
    "localName" : "Muscogee"
  },
  {
    "languageCode" : "mwl",
    "languageName" : "Mirandés",
    "localName" : "Mirandese"
  },
  {
    "languageCode" : "my",
    "languageName" : "မြန်မာဘာသာ",
    "localName" : "Burmese"
  },
  {
    "languageCode" : "myv",
    "languageName" : "эрзянь",
    "localName" : "Erzya"
  },
  {
    "languageCode" : "mzn",
    "languageName" : "مازِرونی",
    "localName" : "Mazanderani"
  },
  {
    "languageCode" : "na",
    "languageName" : "Dorerin Naoero",
    "localName" : "Nauru"
  },
  {
    "languageCode" : "nah",
    "languageName" : "Nāhuatl",
    "localName" : "Nāhuatl"
  },
  {
    "languageCode" : "nap",
    "languageName" : "Napulitano",
    "localName" : "Neapolitan"
  },
  {
    "languageCode" : "nds",
    "languageName" : "Plattdüütsch",
    "localName" : "Low German"
  },
  {
    "languageCode" : "nds-nl",
    "languageName" : "Nedersaksies",
    "localName" : "Low Saxon"
  },
  {
    "languageCode" : "ne",
    "languageName" : "नेपाली",
    "localName" : "Nepali"
  },
  {
    "languageCode" : "new",
    "languageName" : "नेपाल भाषा",
    "localName" : "Newari"
  },
  {
    "languageCode" : "ng",
    "languageName" : "Oshiwambo",
    "localName" : "Ndonga"
  },
  {
    "languageCode" : "nia",
    "languageName" : "Li Niha",
    "localName" : "Nias"
  },
  {
    "languageCode" : "nl",
    "languageName" : "Nederlands",
    "localName" : "Dutch"
  },
  {
    "languageCode" : "nn",
    "languageName" : "norsk nynorsk",
    "localName" : "Norwegian Nynorsk"
  },
  {
    "altISOCode" : "nb",
    "languageCode" : "no",
    "languageName" : "norsk",
    "localName" : "Norwegian"
  },
  {
    "languageCode" : "nov",
    "languageName" : "Novial",
    "localName" : "Novial"
  },
  {
    "languageCode" : "nqo",
    "languageName" : "ߒߞߏ",
    "localName" : "N’Ko"
  },
  {
    "languageCode" : "nrm",
    "languageName" : "Nouormand",
    "localName" : "Norman"
  },
  {
    "languageCode" : "nso",
    "languageName" : "Sesotho sa Leboa",
    "localName" : "Northern Sotho"
  },
  {
    "languageCode" : "nv",
    "languageName" : "Diné bizaad",
    "localName" : "Navajo"
  },
  {
    "languageCode" : "ny",
    "languageName" : "Chi-Chewa",
    "localName" : "Nyanja"
  },
  {
    "languageCode" : "oc",
    "languageName" : "occitan",
    "localName" : "Occitan"
  },
  {
    "languageCode" : "olo",
    "languageName" : "livvinkarjala",
    "localName" : "Livvi-Karelian"
  },
  {
    "languageCode" : "om",
    "languageName" : "Oromoo",
    "localName" : "Oromo"
  },
  {
    "languageCode" : "or",
    "languageName" : "ଓଡ଼ିଆ",
    "localName" : "Odia"
  },
  {
    "languageCode" : "os",
    "languageName" : "ирон",
    "localName" : "Ossetic"
  },
  {
    "languageCode" : "pa",
    "languageName" : "ਪੰਜਾਬੀ",
    "localName" : "Punjabi"
  },
  {
    "languageCode" : "pag",
    "languageName" : "Pangasinan",
    "localName" : "Pangasinan"
  },
  {
    "languageCode" : "pam",
    "languageName" : "Kapampangan",
    "localName" : "Pampanga"
  },
  {
    "languageCode" : "pap",
    "languageName" : "Papiamentu",
    "localName" : "Papiamento"
  },
  {
    "languageCode" : "pcd",
    "languageName" : "Picard",
    "localName" : "Picard"
  },
  {
    "languageCode" : "pcm",
    "languageName" : "Naijá",
    "localName" : "Nigerian Pidgin"
  },
  {
    "languageCode" : "pdc",
    "languageName" : "Deitsch",
    "localName" : "Pennsylvania German"
  },
  {
    "languageCode" : "pfl",
    "languageName" : "Pälzisch",
    "localName" : "Palatine German"
  },
  {
    "languageCode" : "pi",
    "languageName" : "पालि",
    "localName" : "Pali"
  },
  {
    "languageCode" : "pih",
    "languageName" : "Norfuk \/ Pitkern",
    "localName" : "Norfuk \/ Pitkern"
  },
  {
    "languageCode" : "pl",
    "languageName" : "polski",
    "localName" : "Polish"
  },
  {
    "languageCode" : "pms",
    "languageName" : "Piemontèis",
    "localName" : "Piedmontese"
  },
  {
    "languageCode" : "pnb",
    "languageName" : "پنجابی",
    "localName" : "Western Punjabi"
  },
  {
    "languageCode" : "pnt",
    "languageName" : "Ποντιακά",
    "localName" : "Pontic"
  },
  {
    "languageCode" : "ps",
    "languageName" : "پښتو",
    "localName" : "Pashto"
  },
  {
    "languageCode" : "pt",
    "languageName" : "português",
    "localName" : "Portuguese"
  },
  {
    "languageCode" : "pwn",
    "languageName" : "pinayuanan",
    "localName" : "Paiwan"
  },
  {
    "languageCode" : "qu",
    "languageName" : "Runa Simi",
    "localName" : "Quechua"
  },
  {
    "languageCode" : "rm",
    "languageName" : "rumantsch",
    "localName" : "Romansh"
  },
  {
    "languageCode" : "rmy",
    "languageName" : "romani čhib",
    "localName" : "Vlax Romani"
  },
  {
    "languageCode" : "rn",
    "languageName" : "ikirundi",
    "localName" : "Rundi"
  },
  {
    "languageCode" : "ro",
    "languageName" : "română",
    "localName" : "Romanian"
  },
  {
    "languageCode" : "roa-rup",
    "languageName" : "armãneashti",
    "localName" : "Aromanian"
  },
  {
    "languageCode" : "roa-tara",
    "languageName" : "tarandíne",
    "localName" : "Tarantino"
  },
  {
    "languageCode" : "ru",
    "languageName" : "русский",
    "localName" : "Russian"
  },
  {
    "languageCode" : "rue",
    "languageName" : "русиньскый",
    "localName" : "Rusyn"
  },
  {
    "languageCode" : "rw",
    "languageName" : "Ikinyarwanda",
    "localName" : "Kinyarwanda"
  },
  {
    "languageCode" : "sa",
    "languageName" : "संस्कृतम्",
    "localName" : "Sanskrit"
  },
  {
    "languageCode" : "sah",
    "languageName" : "саха тыла",
    "localName" : "Sakha"
  },
  {
    "languageCode" : "sat",
    "languageName" : "ᱥᱟᱱᱛᱟᱲᱤ",
    "localName" : "Santali"
  },
  {
    "languageCode" : "sc",
    "languageName" : "sardu",
    "localName" : "Sardinian"
  },
  {
    "languageCode" : "scn",
    "languageName" : "sicilianu",
    "localName" : "Sicilian"
  },
  {
    "languageCode" : "sco",
    "languageName" : "Scots",
    "localName" : "Scots"
  },
  {
    "languageCode" : "sd",
    "languageName" : "سنڌي",
    "localName" : "Sindhi"
  },
  {
    "languageCode" : "se",
    "languageName" : "davvisámegiella",
    "localName" : "Northern Sami"
  },
  {
    "languageCode" : "sg",
    "languageName" : "Sängö",
    "localName" : "Sango"
  },
  {
    "languageCode" : "sh",
    "languageName" : "srpskohrvatski \/ српскохрватски",
    "localName" : "Serbo-Croatian"
  },
  {
    "languageCode" : "shi",
    "languageName" : "Taclḥit",
    "localName" : "Tachelhit"
  },
  {
    "languageCode" : "shn",
    "languageName" : "ၽႃႇသႃႇတႆး ",
    "localName" : "Shan"
  },
  {
    "languageCode" : "shy",
    "languageName" : "tacawit",
    "localName" : "Shawiya"
  },
  {
    "languageCode" : "si",
    "languageName" : "සිංහල",
    "localName" : "Sinhala"
  },
  {
    "languageCode" : "simple",
    "languageName" : "Simple English",
    "localName" : "Simple English"
  },
  {
    "languageCode" : "sk",
    "languageName" : "slovenčina",
    "localName" : "Slovak"
  },
  {
    "languageCode" : "skr",
    "languageName" : "سرائیکی",
    "localName" : "Saraiki"
  },
  {
    "languageCode" : "sl",
    "languageName" : "slovenščina",
    "localName" : "Slovenian"
  },
  {
    "languageCode" : "sm",
    "languageName" : "Gagana Samoa",
    "localName" : "Samoan"
  },
  {
    "languageCode" : "smn",
    "languageName" : "anarâškielâ",
    "localName" : "Inari Sami"
  },
  {
    "languageCode" : "sn",
    "languageName" : "chiShona",
    "localName" : "Shona"
  },
  {
    "languageCode" : "so",
    "languageName" : "Soomaaliga",
    "localName" : "Somali"
  },
  {
    "languageCode" : "sq",
    "languageName" : "shqip",
    "localName" : "Albanian"
  },
  {
    "languageCode" : "sr",
    "languageName" : "српски \/ srpski",
    "localName" : "Serbian"
  },
  {
    "languageCode" : "srn",
    "languageName" : "Sranantongo",
    "localName" : "Sranan Tongo"
  },
  {
    "languageCode" : "ss",
    "languageName" : "SiSwati",
    "localName" : "Swati"
  },
  {
    "languageCode" : "st",
    "languageName" : "Sesotho",
    "localName" : "Southern Sotho"
  },
  {
    "languageCode" : "stq",
    "languageName" : "Seeltersk",
    "localName" : "Saterland Frisian"
  },
  {
    "languageCode" : "su",
    "languageName" : "Sunda",
    "localName" : "Sundanese"
  },
  {
    "languageCode" : "sv",
    "languageName" : "svenska",
    "localName" : "Swedish"
  },
  {
    "languageCode" : "sw",
    "languageName" : "Kiswahili",
    "localName" : "Swahili"
  },
  {
    "languageCode" : "szl",
    "languageName" : "ślůnski",
    "localName" : "Silesian"
  },
  {
    "languageCode" : "szy",
    "languageName" : "Sakizaya",
    "localName" : "Sakizaya"
  },
  {
    "languageCode" : "ta",
    "languageName" : "தமிழ்",
    "localName" : "Tamil"
  },
  {
    "languageCode" : "tay",
    "languageName" : "Tayal",
    "localName" : "Tayal"
  },
  {
    "languageCode" : "tcy",
    "languageName" : "ತುಳು",
    "localName" : "Tulu"
  },
  {
    "languageCode" : "te",
    "languageName" : "తెలుగు",
    "localName" : "Telugu"
  },
  {
    "languageCode" : "test",
    "languageName" : "Test",
    "localName" : "Test"
  },
  {
    "languageCode" : "tet",
    "languageName" : "tetun",
    "localName" : "Tetum"
  },
  {
    "languageCode" : "tg",
    "languageName" : "тоҷикӣ",
    "localName" : "Tajik"
  },
  {
    "languageCode" : "th",
    "languageName" : "ไทย",
    "localName" : "Thai"
  },
  {
    "languageCode" : "ti",
    "languageName" : "ትግርኛ",
    "localName" : "Tigrinya"
  },
  {
    "languageCode" : "tk",
    "languageName" : "Türkmençe",
    "localName" : "Turkmen"
  },
  {
    "languageCode" : "tl",
    "languageName" : "Tagalog",
    "localName" : "Tagalog"
  },
  {
    "languageCode" : "tn",
    "languageName" : "Setswana",
    "localName" : "Tswana"
  },
  {
    "languageCode" : "to",
    "languageName" : "lea faka-Tonga",
    "localName" : "Tongan"
  },
  {
    "languageCode" : "tpi",
    "languageName" : "Tok Pisin",
    "localName" : "Tok Pisin"
  },
  {
    "languageCode" : "tr",
    "languageName" : "Türkçe",
    "localName" : "Turkish"
  },
  {
    "languageCode" : "trv",
    "languageName" : "Seediq",
    "localName" : "Taroko"
  },
  {
    "languageCode" : "ts",
    "languageName" : "Xitsonga",
    "localName" : "Tsonga"
  },
  {
    "languageCode" : "tt",
    "languageName" : "татарча\/tatarça",
    "localName" : "Tatar"
  },
  {
    "languageCode" : "tum",
    "languageName" : "chiTumbuka",
    "localName" : "Tumbuka"
  },
  {
    "languageCode" : "tw",
    "languageName" : "Twi",
    "localName" : "Twi"
  },
  {
    "languageCode" : "ty",
    "languageName" : "reo tahiti",
    "localName" : "Tahitian"
  },
  {
    "languageCode" : "tyv",
    "languageName" : "тыва дыл",
    "localName" : "Tuvinian"
  },
  {
    "languageCode" : "udm",
    "languageName" : "удмурт",
    "localName" : "Udmurt"
  },
  {
    "languageCode" : "ug",
    "languageName" : "ئۇيغۇرچە \/ Uyghurche",
    "localName" : "Uyghur"
  },
  {
    "languageCode" : "uk",
    "languageName" : "українська",
    "localName" : "Ukrainian"
  },
  {
    "languageCode" : "ur",
    "languageName" : "اردو",
    "localName" : "Urdu"
  },
  {
    "languageCode" : "uz",
    "languageName" : "oʻzbekcha\/ўзбекча",
    "localName" : "Uzbek"
  },
  {
    "languageCode" : "ve",
    "languageName" : "Tshivenda",
    "localName" : "Venda"
  },
  {
    "languageCode" : "vec",
    "languageName" : "vèneto",
    "localName" : "Venetian"
  },
  {
    "languageCode" : "vep",
    "languageName" : "vepsän kel’",
    "localName" : "Veps"
  },
  {
    "languageCode" : "vi",
    "languageName" : "Tiếng Việt",
    "localName" : "Vietnamese"
  },
  {
    "languageCode" : "vls",
    "languageName" : "West-Vlams",
    "localName" : "West Flemish"
  },
  {
    "languageCode" : "vo",
    "languageName" : "Volapük",
    "localName" : "Volapük"
  },
  {
    "languageCode" : "wa",
    "languageName" : "walon",
    "localName" : "Walloon"
  },
  {
    "languageCode" : "war",
    "languageName" : "Winaray",
    "localName" : "Waray"
  },
  {
    "languageCode" : "wo",
    "languageName" : "Wolof",
    "localName" : "Wolof"
  },
  {
    "languageCode" : "wuu",
    "languageName" : "吴语",
    "localName" : "Wu Chinese"
  },
  {
    "languageCode" : "xal",
    "languageName" : "хальмг",
    "localName" : "Kalmyk"
  },
  {
    "languageCode" : "xh",
    "languageName" : "isiXhosa",
    "localName" : "Xhosa"
  },
  {
    "languageCode" : "xmf",
    "languageName" : "მარგალური",
    "localName" : "Mingrelian"
  },
  {
    "languageCode" : "yi",
    "languageName" : "ייִדיש",
    "localName" : "Yiddish"
  },
  {
    "languageCode" : "yo",
    "languageName" : "Yorùbá",
    "localName" : "Yoruba"
  },
  {
    "languageCode" : "yue",
    "languageName" : "粵語",
    "localName" : "Cantonese"
  },
  {
    "languageCode" : "za",
    "languageName" : "Vahcuengh",
    "localName" : "Zhuang"
  },
  {
    "languageCode" : "zea",
    "languageName" : "Zeêuws",
    "localName" : "Zeelandic"
  },
  {
    "languageCode" : "zh",
    "languageName" : "中文",
    "localName" : "Chinese"
  },
  {
    "languageCode" : "zh-classical",
    "languageName" : "文言",
    "localName" : "Classical Chinese"
  },
  {
    "languageCode" : "zh-min-nan",
    "languageName" : "Bân-lâm-gú",
    "localName" : "Chinese (Min Nan)"
  },
  {
    "languageCode" : "zh-yue",
    "languageName" : "粵語",
    "localName" : "Cantonese"
  },
  {
    "languageCode" : "zu",
    "languageName" : "isiZulu",
    "localName" : "Zulu"
  }
]