{
  "mainpage" : "ИХАДОУ АДАҞЬА",
  "namespace" : {
    "" : 0,
    "CATEGORY" : 14,
    "CATEGORY TALK" : 15,
    "FILE" : 6,
    "FILE TALK" : 7,
    "GADGET" : 2300,
    "GADGET DEFINITION" : 2302,
    "GADGET DEFINITION TALK" : 2303,
    "GADGET TALK" : 2301,
    "HELP" : 12,
    "HELP TALK" : 13,
    "IMAGE" : 6,
    "IMAGE TALK" : 7,
    "MEDIA" : -2,
    "MEDIAWIKI" : 8,
    "MEDIAWIKI TALK" : 9,
    "MODULE" : 828,
    "MODULE TALK" : 829,
    "PROJECT" : 4,
    "PROJECT TALK" : 5,
    "SPECIAL" : -1,
    "TALK" : 1,
    "TEMPLATE" : 10,
    "TEMPLATE TALK" : 11,
    "TIMEDTEXT" : 710,
    "TIMEDTEXT TALK" : 711,
    "USER" : 2,
    "USER TALK" : 3,
    "WIKIPEDIA" : 4,
    "WIKIPEDIA TALK" : 5,
    "WP" : 4,
    "АВИКИПЕДИА" : 4,
    "АВИКИПЕДИА АХЦӘАЖӘАРА" : 5,
    "АКАТЕГОРИА" : 14,
    "АКАТЕГОРИА АХЦӘАЖӘАРА" : 15,
    "АЛАХӘЫЛА" : 2,
    "АЛАХӘЫЛА АХЦӘАЖӘАРА" : 3,
    "АМЕДИА" : -2,
    "АМЕДИАВИКИ" : 8,
    "АМЕДИАВИКИ АХЦӘАЖӘАРА" : 9,
    "АМОДУЛ" : 828,
    "АМОДУЛ АХЦӘАЖӘАРА" : 829,
    "АМОДУЛЬ" : 828,
    "АМОДУЛЬ АХЦӘАЖӘАРА" : 829,
    "АФАИЛ" : 6,
    "АФАИЛ АХЦӘАЖӘАРА" : 7,
    "АХЦӘАЖӘАРА" : 1,
    "АЦХЫРААРА" : 12,
    "АЦХЫРААРА АХЦӘАЖӘАРА" : 13,
    "АШАБЛОН" : 10,
    "АШАБЛОН АХЦӘАЖӘАРА" : 11,
    "ГАДЖЕТ" : 2300,
    "ИАЛАХӘ" : 2,
    "ИЗОБРАЖЕНИЕ" : 6,
    "КАТЕГОРИЯ" : 14,
    "МЕДИА" : -2,
    "ОБСУЖДЕНИЕ" : 1,
    "ОБСУЖДЕНИЕ MEDIAWIKI" : 9,
    "ОБСУЖДЕНИЕ АВИКИПЕДИА" : 5,
    "ОБСУЖДЕНИЕ ГАДЖЕТА" : 2301,
    "ОБСУЖДЕНИЕ ИЗОБРАЖЕНИЯ" : 7,
    "ОБСУЖДЕНИЕ КАТЕГОРИИ" : 15,
    "ОБСУЖДЕНИЕ ОПРЕДЕЛЕНИЯ ГАДЖЕТА" : 2303,
    "ОБСУЖДЕНИЕ СПРАВКИ" : 13,
    "ОБСУЖДЕНИЕ УЧАСТНИКА" : 3,
    "ОБСУЖДЕНИЕ ФАЙЛА" : 7,
    "ОБСУЖДЕНИЕ ШАБЛОНА" : 11,
    "ОПРЕДЕЛЕНИЕ ГАДЖЕТА" : 2302,
    "СЛУЖЕБНАЯ" : -1,
    "СПРАВКА" : 12,
    "УЧАСТНИК" : 2,
    "ФАЙЛ" : 6,
    "ЦАСТӘИ" : -1,
    "ШАБЛОН" : 10
  }
}