{
  "mainpage" : "ТӦС БӰК",
  "namespace" : {
    "" : 0,
    "CATEGORY" : 14,
    "CATEGORY TALK" : 15,
    "FILE" : 6,
    "FILE TALK" : 7,
    "GADGET" : 2300,
    "GADGET DEFINITION" : 2302,
    "GADGET DEFINITION TALK" : 2303,
    "GADGET TALK" : 2301,
    "HELP" : 12,
    "HELP TALK" : 13,
    "IMAGE" : 6,
    "IMAGE TALK" : 7,
    "MEDIA" : -2,
    "MEDIAWIKI" : 8,
    "MEDIAWIKI TALK" : 9,
    "MEDIAWIKI-НИ ШӰӰЖЕРИ" : 9,
    "MODULE" : 828,
    "MODULE TALK" : 829,
    "PROJECT" : 4,
    "PROJECT TALK" : 5,
    "SPECIAL" : -1,
    "TALK" : 1,
    "TEMPLATE" : 10,
    "TEMPLATE TALK" : 11,
    "TIMEDTEXT" : 710,
    "TIMEDTEXT TALK" : 711,
    "USER" : 2,
    "USER TALK" : 3,
    "WIKIPEDIA" : 4,
    "WIKIPEDIA TALK" : 5,
    "WP" : 4,
    "АҤЫЛУ" : -1,
    "БОЛУШ" : 12,
    "БОЛУШТЫ ШӰӰЖЕРИ" : 13,
    "ВИКИПЕДИЯ" : 4,
    "ВИКИПЕДИЯТИ ШӰӰЖЕРИ" : 5,
    "ВП" : 4,
    "ГАДЖЕТ" : 2300,
    "ГАДЖЕТТИ ААЙЛАРЫ" : 2302,
    "ГАДЖЕТТИ ШӰӰЖЕРИ" : 2301,
    "ГАДЖЕТТИҤ ААЙЛАРЫН ШӰӰЖЕРИ" : 2303,
    "ИЗОБРАЖЕНИЕ" : 6,
    "КАТЕГОРИЯ" : 14,
    "КАТЕГОРИЯНЫ ШӰӰЖЕРИ" : 15,
    "МЕДИА" : -2,
    "МОДУЛЬ" : 828,
    "МОДУЛЬДЫ ШӰӰЖЕРИ" : 829,
    "ОБСУЖДЕНИЕ ИЗОБРАЖЕНИЯ" : 7,
    "ТУРУЖААЧЫ" : 2,
    "ТУРУЖААЧЫНЫ ШӰӰЖЕРИ" : 3,
    "ӰЛЕКЕР" : 10,
    "ӰЛЕКЕРДИ ШӰӰЖЕРИ" : 11,
    "ФАЙЛ" : 6,
    "ФАЙЛДЫ ШӰӰЖЕРИ" : 7,
    "ШӰӰЖӰ" : 1
  }
}