{
  "mainpage" : "ዋናው ገጽ",
  "namespace" : {
    "" : 0,
    "CATEGORY" : 14,
    "CATEGORY TALK" : 15,
    "FILE" : 6,
    "FILE TALK" : 7,
    "GADGET" : 2300,
    "GADGET DEFINITION" : 2302,
    "GADGET DEFINITION TALK" : 2303,
    "GADGET TALK" : 2301,
    "HELP" : 12,
    "HELP TALK" : 13,
    "IMAGE" : 6,
    "IMAGE TALK" : 7,
    "MEDIA" : -2,
    "MEDIAWIKI" : 8,
    "MEDIAWIKI TALK" : 9,
    "MODULE" : 828,
    "MODULE TALK" : 829,
    "PROJECT" : 4,
    "PROJECT TALK" : 5,
    "SPECIAL" : -1,
    "TALK" : 1,
    "TEMPLATE" : 10,
    "TEMPLATE TALK" : 11,
    "TIMEDTEXT" : 710,
    "TIMEDTEXT TALK" : 711,
    "USER" : 2,
    "USER TALK" : 3,
    "WIKIPEDIA" : 4,
    "WIKIPEDIA TALK" : 5,
    "WP" : 4,
    "ልዩ" : -1,
    "መለጠፊያ" : 10,
    "መለጠፊያ ውይይት" : 11,
    "መልዕክት" : 8,
    "መልዕክት ውይይት" : 9,
    "መልጠፊያ" : 10,
    "መልጠፊያ ውይይት" : 11,
    "መደብ" : 14,
    "መደብ ውይይት" : 15,
    "ስዕል" : 6,
    "ስዕል ውይይት" : 7,
    "በር" : 100,
    "በር ውይይት" : 101,
    "አባል" : 2,
    "አባል ውይይት" : 3,
    "እርዳታ" : 12,
    "እርዳታ ውይይት" : 13,
    "ውክፔዲያ" : 4,
    "ውክፔዲያ ውይይት" : 5,
    "ውይይት" : 1,
    "ፋይል" : -2
  }
}