{
  "mainpage" : "PORTALADA",
  "namespace" : {
    "" : 0,
    "ACCESORIO" : 2300,
    "ACCESORIO DEFINICIÓN" : 2302,
    "ADUYA" : 12,
    "CATEGORÍA" : 14,
    "CATEGORY" : 14,
    "CATEGORY TALK" : 15,
    "DESCUSIÓN" : 1,
    "DESCUSIÓN ACCESORIO" : 2301,
    "DESCUSIÓN ADUYA" : 13,
    "DESCUSIÓN CATEGORÍA" : 15,
    "DESCUSIÓN DEFINICIÓN ACCESORIO" : 2303,
    "DESCUSIÓN IMACHEN" : 7,
    "DESCUSIÓN MEDIAWIKI" : 9,
    "DESCUSIÓN MÓDULO" : 829,
    "DESCUSIÓN PLANTILLA" : 11,
    "DESCUSIÓN PORTAL" : 101,
    "DESCUSIÓN USUARIA" : 3,
    "DESCUSIÓN USUARIO" : 3,
    "DESCUSIÓN WIKIPEDIA" : 5,
    "ESPECIAL" : -1,
    "ESPEZIAL" : -1,
    "FILE" : 6,
    "FILE TALK" : 7,
    "GADGET" : 2300,
    "GADGET DEFINITION" : 2302,
    "GADGET DEFINITION TALK" : 2303,
    "GADGET TALK" : 2301,
    "HELP" : 12,
    "HELP TALK" : 13,
    "IMACHEN" : 6,
    "IMAGE" : 6,
    "IMAGE TALK" : 7,
    "IMAGEN" : 6,
    "IMAGEN DISCUSIÓN" : 7,
    "MEDIA" : -2,
    "MEDIAWIKI" : 8,
    "MEDIAWIKI TALK" : 9,
    "MODULE" : 828,
    "MODULE TALK" : 829,
    "MÓDULO" : 828,
    "PLANTILLA" : 10,
    "PORTAL" : 100,
    "PROJECT" : 4,
    "PROJECT TALK" : 5,
    "SPECIAL" : -1,
    "TALK" : 1,
    "TEMPLATE" : 10,
    "TEMPLATE TALK" : 11,
    "TIMEDTEXT" : 710,
    "TIMEDTEXT TALK" : 711,
    "USER" : 2,
    "USER TALK" : 3,
    "USUARIA" : 2,
    "USUARIO" : 2,
    "WIKIPEDIA" : 4,
    "WIKIPEDIA TALK" : 5,
    "WP" : 4
  }
}