{
  "mainpage" : "الصفحة الرئيسية",
  "namespace" : {
    "" : 0,
    "CATEGORY" : 14,
    "CATEGORY TALK" : 15,
    "FILE" : 6,
    "FILE TALK" : 7,
    "GADGET" : 2300,
    "GADGET DEFINITION" : 2302,
    "GADGET DEFINITION TALK" : 2303,
    "GADGET TALK" : 2301,
    "HELP" : 12,
    "HELP TALK" : 13,
    "IMAGE" : 6,
    "IMAGE TALK" : 7,
    "MEDIA" : -2,
    "MEDIAWIKI" : 8,
    "MEDIAWIKI TALK" : 9,
    "MODULE" : 828,
    "MODULE TALK" : 829,
    "PROJECT" : 4,
    "PROJECT TALK" : 5,
    "SPECIAL" : -1,
    "TALK" : 1,
    "TEMPLATE" : 10,
    "TEMPLATE TALK" : 11,
    "TIMEDTEXT" : 710,
    "TIMEDTEXT TALK" : 711,
    "TOPIC" : 2600,
    "USER" : 2,
    "USER TALK" : 3,
    "WIKIPEDIA" : 4,
    "WIKIPEDIA TALK" : 5,
    "WP" : 4,
    "إضافة" : 2300,
    "بوابة" : 100,
    "تصنيف" : 14,
    "تعريف الإضافة" : 2302,
    "خاص" : -1,
    "صورة" : 6,
    "قالب" : 10,
    "مساعدة" : 12,
    "مستخدم" : 2,
    "مستخدمة" : 2,
    "ملف" : 6,
    "موضوع" : 2600,
    "ميديا" : -2,
    "ميدياويكي" : 8,
    "نقاش" : 1,
    "نقاش الإضافة" : 2301,
    "نقاش البوابة" : 101,
    "نقاش التصنيف" : 15,
    "نقاش الصورة" : 7,
    "نقاش القالب" : 11,
    "نقاش المساعدة" : 13,
    "نقاش المستخدم" : 3,
    "نقاش المستخدمة" : 3,
    "نقاش الملف" : 7,
    "نقاش الوحدة" : 829,
    "نقاش تعريف الإضافة" : 2303,
    "نقاش ميدياويكي" : 9,
    "نقاش ويكيبيديا" : 5,
    "نو" : 5,
    "وب" : 4,
    "وحدة" : 828,
    "وسائط" : -2,
    "ويكيبيديا" : 4
  }
}