{
  "mainpage" : "OTITIKOWIN",
  "namespace" : {
    "" : 0,
    "AITAPIHIKAN KE ICI AIMIHITONANIWOK" : 829,
    "AITAPIHIKEWIN" : 828,
    "CATEGORY" : 14,
    "CATEGORY TALK" : 15,
    "DISCUSSION AIDE" : 13,
    "DISCUSSION CATÉGORIE" : 15,
    "DISCUSSION FICHIER" : 7,
    "DISCUSSION IMAGE" : 7,
    "DISCUSSION MODÈLE" : 11,
    "DISCUSSION UTILISATEUR" : 3,
    "DISCUSSION UTILISATRICE" : 3,
    "DISCUTER" : 1,
    "FILE" : 6,
    "FILE TALK" : 7,
    "GADGET" : 2300,
    "GADGET DEFINITION" : 2302,
    "GADGET DEFINITION TALK" : 2303,
    "GADGET TALK" : 2301,
    "HELP" : 12,
    "HELP TALK" : 13,
    "IMAGE" : 6,
    "IMAGE TALK" : 7,
    "KA ICI AIMIHITONANIWOK GADGET" : 2301,
    "KA ICI AIMIHITONANIWOK TIPATCITCIKAN GADGET OTCI" : 2303,
    "KA NOTCITATC" : 2,
    "KE ICI AIMIHITONANIWOK" : 1,
    "KE ICI AIMIHITONANIWOK MEDIAWIKI" : 9,
    "KE ICI AIMIHITONANIWOK NATISINIHIKANIWOC" : 7,
    "KE ICI AIMIHITONANIWOK NOTCITA IRINIW" : 3,
    "KE ICI AIMIHITONANIWOK TIPANICTAWIN" : 15,
    "KE ICI AIMIHITONANIWOK WIKIPETCIA" : 5,
    "KE ICI AIMIHITONANIWOK WITCIHEWINIK" : 13,
    "KE ICI ARIMOTCIKATEK TAPAPITCIKESINIHIKAN" : 11,
    "KE ICI ARIMOTCIKATEK TIPAPITCIKESINIHIKAN" : 11,
    "KOTAKAHI" : -1,
    "MEDIA" : -2,
    "MEDIAWIKI" : 8,
    "MEDIAWIKI TALK" : 9,
    "MODULE" : 828,
    "MODULE TALK" : 829,
    "NATISINAHIKANIWOC" : 6,
    "PROJECT" : 4,
    "PROJECT TALK" : 5,
    "SPECIAL" : -1,
    "TALK" : 1,
    "TAPAPITCIKESINIHIKAN" : 10,
    "TEMPLATE" : 10,
    "TEMPLATE TALK" : 11,
    "TIMEDTEXT" : 710,
    "TIMEDTEXT TALK" : 711,
    "TIPANICTAWIN" : 14,
    "TIPAPITCIKESINIHIKAN" : 10,
    "TIPATCIMOCTAKEWIN" : -2,
    "TIPATCITCIKAN E ICINAKOK GADGET" : 2302,
    "USER" : 2,
    "USER TALK" : 3,
    "UTILISATEUR" : 2,
    "UTILISATRICE" : 2,
    "WIKIPEDIA" : 4,
    "WIKIPEDIA TALK" : 5,
    "WIKIPETCIA" : 4,
    "WITCIHIKOIIN" : 12,
    "WP" : 4
  }
}