{
  "mainpage" : "KACA UTAMA",
  "namespace" : {
    "" : 0,
    "BANTUAN PEMBICARAAN" : 13,
    "BERKAS" : 6,
    "BICARA" : 1,
    "BICARA PENGGUNA" : 3,
    "CATEGORY" : 14,
    "CATEGORY TALK" : 15,
    "FILE" : 6,
    "FILE TALK" : 7,
    "GADGET" : 2300,
    "GADGET DEFINITION" : 2302,
    "GADGET DEFINITION TALK" : 2303,
    "GADGET TALK" : 2301,
    "GAMBAR" : 6,
    "GAMBAR PEMBICARAAN" : 7,
    "HELP" : 12,
    "HELP TALK" : 13,
    "IMAGE" : 6,
    "IMAGE TALK" : 7,
    "KATEGORI" : 14,
    "KATEGORI PEMBICARAAN" : 15,
    "KUSUS" : -1,
    "MAL" : 10,
    "MEDIA" : -2,
    "MÉDIA" : -2,
    "MEDIAWIKI" : 8,
    "MÉDIAWIKI" : 8,
    "MEDIAWIKI PEMBICARAAN" : 9,
    "MEDIAWIKI TALK" : 9,
    "MODUL" : 828,
    "MODULE" : 828,
    "MODULE TALK" : 829,
    "PABLIGBAGAN" : 1,
    "PABLIGBAGAN BERKAS" : 7,
    "PABLIGBAGAN KATEGORI" : 15,
    "PABLIGBAGAN MAL" : 11,
    "PABLIGBAGAN MÉDIAWIKI" : 9,
    "PABLIGBAGAN MODUL" : 829,
    "PABLIGBAGAN SANG ANGANGGÉ" : 3,
    "PABLIGBAGAN WANTUAN" : 13,
    "PABLIGBAGAN WIKIPÉDIA" : 5,
    "PEMBICARAAN GAMBAR" : 7,
    "PROJECT" : 4,
    "PROJECT TALK" : 5,
    "SANG ANGANGGÉ" : 2,
    "SPECIAL" : -1,
    "TALK" : 1,
    "TEMPLAT PEMBICARAAN" : 11,
    "TEMPLATE" : 10,
    "TEMPLATE TALK" : 11,
    "TIMEDTEXT" : 710,
    "TIMEDTEXT TALK" : 711,
    "USER" : 2,
    "USER TALK" : 3,
    "WANTUAN" : 12,
    "WIKIPEDIA" : 4,
    "WIKIPÉDIA" : 4,
    "WIKIPEDIA TALK" : 5,
    "WIKIPÉDIA TALK" : 5,
    "WP" : 4
  }
}