{
  "mainpage" : "WIKIPEDIA:HOAMSEITN",
  "namespace" : {
    "" : 0,
    "BENUTZER" : 2,
    "BENUTZER DISKUSSION" : 3,
    "BILD" : 6,
    "BILD DISKUSSION" : 7,
    "BUACH" : 102,
    "BUACH DISCHKRIAN" : 103,
    "CATEGORY" : 14,
    "CATEGORY TALK" : 15,
    "DATEI" : 6,
    "DATEI DISCHKRIAN" : 7,
    "DATEI DISKUSSION" : 7,
    "DISCHKRIAN" : 1,
    "DISKUSSION" : 1,
    "FILE" : 6,
    "FILE TALK" : 7,
    "GADGET" : 2300,
    "GADGET DEFINITION" : 2302,
    "GADGET DEFINITION TALK" : 2303,
    "GADGET DISKUSSION" : 2301,
    "GADGET TALK" : 2301,
    "GADGET-DEFINITION" : 2302,
    "GADGET-DEFINITION DISKUSSION" : 2303,
    "HELP" : 12,
    "HELP TALK" : 13,
    "HILFE" : 12,
    "HILFE DISKUSSION" : 13,
    "HUIF" : 12,
    "HUIF DISCHKRIAN" : 13,
    "IMAGE" : 6,
    "IMAGE TALK" : 7,
    "KATEGORIE" : 14,
    "KATEGORIE DISCHKRIAN" : 15,
    "KATEGORIE DISKUSSION" : 15,
    "MEDIA" : -2,
    "MEDIAWIKI" : 8,
    "MEDIAWIKI DISCHKRIAN" : 9,
    "MEDIAWIKI DISKUSSION" : 9,
    "MEDIAWIKI TALK" : 9,
    "MEDIUM" : -2,
    "MODUL" : 828,
    "MODUL DISKUSSION" : 829,
    "MODULE" : 828,
    "MODULE TALK" : 829,
    "NUTZA" : 2,
    "NUTZA DISCHKRIAN" : 3,
    "PORTAL" : 100,
    "PORTAL DISCHKRIAN" : 101,
    "PORTAL DISKUSSION" : 101,
    "PROJECT" : 4,
    "PROJECT TALK" : 5,
    "SPECIAL" : -1,
    "SPEZIAL" : -1,
    "SPRUCH" : 108,
    "SPRUCH DISCHKRIAN" : 109,
    "TALK" : 1,
    "TEMPLATE" : 10,
    "TEMPLATE TALK" : 11,
    "TIMEDTEXT" : 710,
    "TIMEDTEXT TALK" : 711,
    "USER" : 2,
    "USER TALK" : 3,
    "VORLAGE" : 10,
    "VORLAGE DISKUSSION" : 11,
    "VORLOG" : 10,
    "VORLOG DISCHKRIAN" : 11,
    "WIKIPEDIA" : 4,
    "WIKIPEDIA DISCHKRIAN" : 5,
    "WIKIPEDIA DISKUSSION" : 5,
    "WIKIPEDIA TALK" : 5,
    "WP" : 4
  }
}