{
  "mainpage" : "ГАЛОЎНАЯ СТАРОНКА",
  "namespace" : {
    "" : 0,
    "CATEGORY" : 14,
    "CATEGORY TALK" : 15,
    "FILE" : 6,
    "FILE TALK" : 7,
    "GADGET" : 2300,
    "GADGET DEFINITION" : 2302,
    "GADGET DEFINITION TALK" : 2303,
    "GADGET TALK" : 2301,
    "HELP" : 12,
    "HELP TALK" : 13,
    "IMAGE" : 6,
    "IMAGE TALK" : 7,
    "MEDIA" : -2,
    "MEDIAWIKI" : 8,
    "MEDIAWIKI TALK" : 9,
    "MODULE" : 828,
    "MODULE TALK" : 829,
    "PROJECT" : 4,
    "PROJECT TALK" : 5,
    "SPECIAL" : -1,
    "TALK" : 1,
    "TEMPLATE" : 10,
    "TEMPLATE TALK" : 11,
    "TIMEDTEXT" : 710,
    "TIMEDTEXT TALK" : 711,
    "USER" : 2,
    "USER TALK" : 3,
    "WIKIPEDIA" : 4,
    "WIKIPEDIA TALK" : 5,
    "WP" : 4,
    "АБМЕРКАВАНЬНЕ" : 1,
    "АБМЕРКАВАНЬНЕ MEDIAWIKI" : 9,
    "АБМЕРКАВАНЬНЕ ВІКІПЭДЫІ" : 5,
    "АБМЕРКАВАНЬНЕ ВІКІПЭДЫЯ" : 5,
    "АБМЕРКАВАНЬНЕ ВЫЯВЫ" : 7,
    "АБМЕРКАВАНЬНЕ ДАПАМОГІ" : 13,
    "АБМЕРКАВАНЬНЕ КАТЭГОРЫІ" : 15,
    "АБМЕРКАВАНЬНЕ МОДУЛЮ" : 829,
    "АБМЕРКАВАНЬНЕ ПАРТАЛУ" : 101,
    "АБМЕРКАВАНЬНЕ ФАЙЛА" : 7,
    "АБМЕРКАВАНЬНЕ ШАБЛЁНУ" : 11,
    "ВІКІПЭДЫЯ" : 4,
    "ВІКІПЭДЫЯ РАЗМОВЫ" : 5,
    "ВП" : 4,
    "ВЫЯВА" : 6,
    "ГУТАРКІ ЎДЗЕЛЬНІКА" : 3,
    "ГУТАРКІ ЎДЗЕЛЬНІЦЫ" : 3,
    "ДАПАМОГА" : 12,
    "КАТЭГОРЫЯ" : 14,
    "МОДУЛЬ" : 828,
    "МЭДЫЯ" : -2,
    "ПАРТАЛ" : 100,
    "РАЗМОВЫ ПРА ВЫЯВУ" : 7,
    "СПЭЦЫЯЛЬНЫЯ" : -1,
    "УДЗЕЛЬНІК" : 2,
    "УДЗЕЛЬНІЦА" : 2,
    "ФАЙЛ" : 6,
    "ШАБЛЁН" : 10
  }
}