{
  "mainpage" : "ГАЛОЎНАЯ СТАРОНКА",
  "namespace" : {
    "" : 0,
    "CATEGORY" : 14,
    "CATEGORY TALK" : 15,
    "FILE" : 6,
    "FILE TALK" : 7,
    "GADGET" : 2300,
    "GADGET DEFINITION" : 2302,
    "GADGET DEFINITION TALK" : 2303,
    "GADGET TALK" : 2301,
    "HELP" : 12,
    "HELP TALK" : 13,
    "IMAGE" : 6,
    "IMAGE TALK" : 7,
    "MEDIA" : -2,
    "MEDIAWIKI" : 8,
    "MEDIAWIKI TALK" : 9,
    "MODULE" : 828,
    "MODULE TALK" : 829,
    "PORTAL" : 100,
    "PORTAL TALK" : 101,
    "PROJECT" : 4,
    "PROJECT TALK" : 5,
    "SPECIAL" : -1,
    "TALK" : 1,
    "TEMPLATE" : 10,
    "TEMPLATE TALK" : 11,
    "TIMEDTEXT" : 710,
    "TIMEDTEXT TALK" : 711,
    "USER" : 2,
    "USER TALK" : 3,
    "WIKIPEDIA" : 4,
    "WIKIPEDIA TALK" : 5,
    "WP" : 4,
    "АДМЫСЛОВАЕ" : -1,
    "ВІКІПЕДЫЯ" : 4,
    "ВІКІПЕДЫЯ РАЗМОВЫ" : 5,
    "ВП" : 4,
    "ВЫЯВА" : 6,
    "ДАВЕДКА" : 12,
    "КАТЭГОРЫЯ" : 14,
    "МОДУЛЬ" : 828,
    "МУЛЬТЫМЕДЫЯ" : -2,
    "ПАРТАЛ" : 100,
    "РАЗМОВЫ" : 1,
    "РАЗМОВЫ З УДЗЕЛЬНІКАМ" : 3,
    "РАЗМОВЫ ПРА MEDIAWIKI" : 9,
    "РАЗМОВЫ ПРА ВІКІПЕДЫЮ" : 5,
    "РАЗМОВЫ ПРА ВЫЯВУ" : 7,
    "РАЗМОВЫ ПРА ДАВЕДКУ" : 13,
    "РАЗМОВЫ ПРА КАТЭГОРЫЮ" : 15,
    "РАЗМОВЫ ПРА МОДУЛЬ" : 829,
    "РАЗМОВЫ ПРА ПАРТАЛ" : 101,
    "РАЗМОВЫ ПРА ФАЙЛ" : 7,
    "РАЗМОВЫ ПРА ШАБЛОН" : 11,
    "УДЗЕЛЬНІК" : 2,
    "ФАЙЛ" : 6,
    "ШАБЛОН" : 10
  }
}