{
  "mainpage" : "КОЬРТА АГӀО",
  "namespace" : {
    "" : 0,
    "CATEGORY" : 14,
    "CATEGORY TALK" : 15,
    "FILE" : 6,
    "FILE TALK" : 7,
    "GADGET" : 2300,
    "GADGET DEFINITION" : 2302,
    "GADGET DEFINITION TALK" : 2303,
    "GADGET TALK" : 2301,
    "HELP" : 12,
    "HELP TALK" : 13,
    "IMAGE" : 6,
    "IMAGE TALK" : 7,
    "MEDIA" : -2,
    "MEDIAWIKI" : 8,
    "MEDIAWIKI TALK" : 9,
    "MEDIAWIKI ДИЙЦАРЕ" : 9,
    "MODULE" : 828,
    "MODULE TALK" : 829,
    "PROJECT" : 4,
    "PROJECT TALK" : 5,
    "SPECIAL" : -1,
    "TALK" : 1,
    "TEMPLATE" : 10,
    "TEMPLATE TALK" : 11,
    "TIMEDTEXT" : 710,
    "TIMEDTEXT TALK" : 711,
    "USER" : 2,
    "USER TALK" : 3,
    "WIKIPEDIA" : 4,
    "WIKIPEDIA TALK" : 5,
    "WP" : 4,
    "БАШХО" : -1,
    "БЕЛХАН" : -1,
    "ВИКИПЕДИ" : 4,
    "ВИКИПЕДИ ДИЙЦА" : 5,
    "ВИКИПЕДИЙА" : 4,
    "ВИКИПЕДИЙА ДИЙЦАРЕ" : 5,
    "ВИКИПЕДИН ДИЙЦАРЕ" : 5,
    "ГLО" : 12,
    "ГLОН ДИЙЦАРЕ" : 13,
    "ГАДЖЕТ" : 2300,
    "ГІО" : 12,
    "ГІОДАН ДИЙЦА" : 13,
    "ГӀО" : 12,
    "ГӀО ДИЙЦАРЕ" : 13,
    "ДАКЪАН" : 10,
    "ДАКЪАН ДИЙЦА" : 11,
    "ДЕКЪАШХО" : 2,
    "ДЕКЪАШХОН ДИЙЦАРЕ" : 3,
    "ДЕКЪАШХОЧУН ДИЙЦАРЕ" : 3,
    "ДИЙЦА" : 1,
    "ДИЙЦАРЕ" : 1,
    "ДИЙЦАРЕ ВИКИПЕДИ" : 5,
    "ДИЙЦАРЕ ДЕКЪАШХО" : 3,
    "ДИЙЦАРЕ ХLУМАН" : 7,
    "ИЗОБРАЖЕНИЕ" : 6,
    "КАДЕГАР" : 14,
    "КАДЕГАР ДИЙЦАРЕ" : 15,
    "КАТЕГОРИ" : 14,
    "КАТЕГОРИН ДИЙЦАРЕ" : 15,
    "КЕП" : 10,
    "КЕПАН ДИЙЦАРЕ" : 11,
    "КОВ" : 100,
    "КОВ ДИЙЦАРЕ" : 101,
    "КУЦКЕП" : 10,
    "КУЦКЕП ДИЙЦАРЕ" : 11,
    "МЕДИА" : -2,
    "МЕДЙА" : -2,
    "МЕДЙАВИКИ" : 8,
    "МЕДЙАВИКИ ДИЙЦА" : 9,
    "МОДУЛИН ДИЙЦАРЕ" : 829,
    "МОДУЛЬ" : 828,
    "ОБСУЖДЕНИЕ ГАДЖЕТА" : 2301,
    "ОБСУЖДЕНИЕ ИЗОБРАЖЕНИЯ" : 7,
    "ОБСУЖДЕНИЕ ОПРЕДЕЛЕНИЯ ГАДЖЕТА" : 2303,
    "ОПРЕДЕЛЕНИЕ ГАДЖЕТА" : 2302,
    "СУРТ" : 6,
    "СУРТИ ДИЙЦА" : 7,
    "ТОБА" : 14,
    "ТОБАН ДИЙЦА" : 15,
    "ФАЙЛ" : 6,
    "ФАЙЛАН ДИЙЦАРЕ" : 7,
    "ХLУМ" : 6,
    "ХLУМАН ДИЙЦАРЕ" : 7,
    "ЮЗЕР" : 2,
    "ЮЗЕРИ ДИЙЦА" : 3
  }
}