{
  "mainpage" : "BAŞ SAIFE",
  "namespace" : {
    "" : 0,
    "CATEGORY" : 14,
    "CATEGORY TALK" : 15,
    "FAYL" : 6,
    "FAYL MUZAKERESI" : 7,
    "FILE" : 6,
    "FILE TALK" : 7,
    "GADGET" : 2300,
    "GADGET DEFINITION" : 2302,
    "GADGET DEFINITION TALK" : 2303,
    "GADGET TALK" : 2301,
    "HELP" : 12,
    "HELP TALK" : 13,
    "IMAGE" : 6,
    "IMAGE TALK" : 7,
    "KATEGORIYA" : 14,
    "KATEGORIYA MUZAKERESI" : 15,
    "MAHSUS" : -1,
    "MEDIA" : -2,
    "MEDIAVIKI" : 8,
    "MEDIAVIKI MUZAKERESI" : 9,
    "MEDIAWIKI" : 8,
    "MEDIAWIKI TALK" : 9,
    "MODUL" : 828,
    "MODUL MUZAKERESI" : 829,
    "MODULE" : 828,
    "MODULE TALK" : 829,
    "MUZAKERE" : 1,
    "PROJECT" : 4,
    "PROJECT TALK" : 5,
    "QULLANICI" : 2,
    "QULLANICI MUZAKERESI" : 3,
    "RESIM" : 6,
    "RESIM MUZAKERESI" : 7,
    "ŞABLON" : 10,
    "ŞABLON MUZAKERESI" : 11,
    "SPECIAL" : -1,
    "TALK" : 1,
    "TEMPLATE" : 10,
    "TEMPLATE TALK" : 11,
    "TIMEDTEXT" : 710,
    "TIMEDTEXT TALK" : 711,
    "USER" : 2,
    "USER TALK" : 3,
    "VIKIPEDIYA" : 4,
    "VIKIPEDIYA MUZAKERESI" : 5,
    "VIKIPEDIYA МУЗАКЕРЕСИ" : 5,
    "WIKIPEDIA" : 4,
    "WIKIPEDIA TALK" : 5,
    "WP" : 4,
    "YARDIM" : 12,
    "YARDIM MUZAKERESI" : 13,
    "ГАДЖЕТ" : 2300,
    "КАТЕГОРИЯ" : 14,
    "КАТЕГОРИЯ МУЗАКЕРЕСИ" : 15,
    "КЪУЛЛАНЫДЖЫ" : 2,
    "КЪУЛЛАНЫДЖЫ МУЗАКЕРЕСИ" : 3,
    "МАХСУС" : -1,
    "МЕДИА" : -2,
    "МЕДИАВИКИ" : 8,
    "МЕДИАВИКИ МУЗАКЕРЕСИ" : 9,
    "МОДУЛЬ" : 828,
    "МУЗАКЕРЕ" : 1,
    "ОБСУЖДЕНИЕ ГАДЖЕТА" : 2301,
    "ОБСУЖДЕНИЕ МОДУЛЯ" : 829,
    "ОБСУЖДЕНИЕ ОПРЕДЕЛЕНИЯ ГАДЖЕТА" : 2303,
    "ОПРЕДЕЛЕНИЕ ГАДЖЕТА" : 2302,
    "РАЗГОВОР О ПОМОЋИ" : 13,
    "РЕСИМ" : 6,
    "РЕСИМ МУЗАКЕРЕСИ" : 7,
    "ФАЙЛ" : 6,
    "ФАЙЛ МУЗАКЕРЕСИ" : 7,
    "ШАБЛОН" : 10,
    "ШАБЛОН МУЗАКЕРЕСИ" : 11,
    "ЯРДЫМ" : 12,
    "ЯРДЫМ МУЗАКЕРЕСИ" : 13
  }
}