{
  "mainpage" : "FORSIDE",
  "namespace" : {
    "" : 0,
    "ARTIKELDATA" : 102,
    "ARTIKELDATADISKUSSION" : 103,
    "BILLEDDISKUSSION" : 7,
    "BILLEDE" : 6,
    "BRUGER" : 2,
    "BRUGERDISKUSSION" : 3,
    "CATEGORY" : 14,
    "CATEGORY TALK" : 15,
    "DISKUSSION" : 1,
    "FIL" : 6,
    "FILDISKUSSION" : 7,
    "FILE" : 6,
    "FILE TALK" : 7,
    "GADGET" : 2300,
    "GADGET DEFINITION" : 2302,
    "GADGET DEFINITION TALK" : 2303,
    "GADGET TALK" : 2301,
    "HELP" : 12,
    "HELP TALK" : 13,
    "HJÆLP" : 12,
    "HJÆLP-DISKUSSION" : 13,
    "IMAGE" : 6,
    "IMAGE TALK" : 7,
    "KATEGORI" : 14,
    "KATEGORIDISKUSSION" : 15,
    "MEDIA" : -2,
    "MEDIAWIKI" : 8,
    "MEDIAWIKI TALK" : 9,
    "MEDIAWIKI-DISKUSSION" : 9,
    "MODUL" : 828,
    "MODULDISKUSSION" : 829,
    "MODULE" : 828,
    "MODULE TALK" : 829,
    "PORTAL" : 100,
    "PORTAL DISKUSSION" : 101,
    "PORTALDISKUSSION" : 101,
    "PROJECT" : 4,
    "PROJECT TALK" : 5,
    "SKABELON" : 10,
    "SKABELONDISKUSSION" : 11,
    "SPECIAL" : -1,
    "SPECIEL" : -1,
    "TALK" : 1,
    "TEMPLATE" : 10,
    "TEMPLATE TALK" : 11,
    "TIMEDTEXT" : 710,
    "TIMEDTEXT TALK" : 711,
    "USER" : 2,
    "USER TALK" : 3,
    "WIKIPEDIA" : 4,
    "WIKIPEDIA TALK" : 5,
    "WIKIPEDIA-DISKUSSION" : 5,
    "WP" : 4
  }
}