{
  "mainpage" : "APAM KËDÏT",
  "namespace" : {
    "" : 0,
    "APAMDUÖÖT" : 6,
    "BEKÄTAKTHOOK" : 14,
    "CATEGORY" : 14,
    "CATEGORY TALK" : 15,
    "CIƐL" : -2,
    "DULOOI" : 2,
    "FILE" : 6,
    "FILE TALK" : 7,
    "GADGET" : 2300,
    "GADGET DEFINITION" : 2302,
    "GADGET DEFINITION TALK" : 2303,
    "GADGET TALK" : 2301,
    "HELP" : 12,
    "HELP TALK" : 13,
    "IMAGE" : 6,
    "IMAGE TALK" : 7,
    "JAM" : 1,
    "JAM KEKË DULOOI" : 3,
    "JAM WƐ̈T Ë APAMDUÖÖT" : 7,
    "JAM WƐ̈T Ë BEKÄTAKTHOOK" : 15,
    "JAM WƐ̈T Ë KUƆNY" : 13,
    "JAM WƐ̈T Ë MACUËC" : 11,
    "JAM WƐ̈T Ë MEDIAWIKI" : 9,
    "JAM WƐ̈T Ë MUKÄÄCËTÖK" : 829,
    "JAM WƐ̈T Ë MULUUITET" : 2301,
    "JAM WƐ̈T Ë WƐ̈TDIC Ë MULUUITET" : 2303,
    "JAM WƐ̈T Ë WIKIPEDIA" : 5,
    "KËCËWEEK" : -1,
    "KUƆNY" : 12,
    "MACUËC" : 10,
    "MEDIA" : -2,
    "MEDIAWIKI" : 8,
    "MEDIAWIKI TALK" : 9,
    "MODULE" : 828,
    "MODULE TALK" : 829,
    "MUKÄÄCËTÖK" : 828,
    "MULUUITET" : 2300,
    "PROJECT" : 4,
    "PROJECT TALK" : 5,
    "SPECIAL" : -1,
    "TALK" : 1,
    "TEMPLATE" : 10,
    "TEMPLATE TALK" : 11,
    "TIMEDTEXT" : 710,
    "TIMEDTEXT TALK" : 711,
    "USER" : 2,
    "USER TALK" : 3,
    "WƐ̈TDIC Ë MULUUITET" : 2302,
    "WIKIPEDIA" : 4,
    "WIKIPEDIA TALK" : 5,
    "WP" : 4
  }
}