{
  "mainpage" : "PELA SERI",
  "namespace" : {
    "" : 0,
    "BAĞSE" : -1,
    "CATEGORY" : 14,
    "CATEGORY TALK" : 15,
    "DESTEG" : 12,
    "DESTEG VATEN" : 13,
    "DESTEG WERÊNAYIŞ" : 13,
    "DOSYA" : 6,
    "DOSYA MESAC" : 7,
    "DOSYA VATEN" : 7,
    "DOSYA WERÊNAYIŞ" : 7,
    "FILE" : 6,
    "FILE TALK" : 7,
    "GADGET" : 2300,
    "GADGET DEFINITION" : 2302,
    "GADGET DEFINITION TALK" : 2303,
    "GADGET TALK" : 2301,
    "HALET" : 2300,
    "HALET ŞINASNAYIŞ" : 2302,
    "HALET ŞINASNAYIŞ VATEN" : 2303,
    "HALET VATEN" : 2301,
    "HELP" : 12,
    "HELP TALK" : 13,
    "IMAGE" : 6,
    "IMAGE TALK" : 7,
    "KARBER" : 2,
    "KARBER MESAC" : 3,
    "KARBER VATEN" : 3,
    "KARBER WERÊNAYIŞ" : 3,
    "KATEGORI" : 14,
    "KATEGORI VATEN" : 15,
    "KATEGORI WERÊNAYIŞ" : 15,
    "KATEGORIYE" : 14,
    "KATEGORIYE MESAC" : 15,
    "KATEGORIYE WERÊNAYIŞ" : 15,
    "MEDIA" : -2,
    "MEDIAWIKI" : 8,
    "MEDIAWIKI MESAC" : 9,
    "MEDIAWIKI TALK" : 9,
    "MEDIAWIKI VATEN" : 9,
    "MEDIAWIKI WERÊNAYIŞ" : 9,
    "MEDYA" : -2,
    "MESAC" : 1,
    "MODUL" : 828,
    "MODUL VATEN" : 829,
    "MODULE" : 828,
    "MODULE TALK" : 829,
    "PEŞTI" : 12,
    "PEŞTI MESAC" : 13,
    "PEŞTI WERÊNAYIŞ" : 13,
    "PORTAL" : 100,
    "PORTAL VATEN" : 101,
    "PROJECT" : 4,
    "PROJECT TALK" : 5,
    "ŞABLON" : 10,
    "ŞABLON MESAC" : 11,
    "ŞABLON VATEN" : 11,
    "ŞABLON WERÊNAYIŞ" : 11,
    "SPECIAL" : -1,
    "TALK" : 1,
    "TEMPLATE" : 10,
    "TEMPLATE TALK" : 11,
    "TIMEDTEXT" : 710,
    "TIMEDTEXT TALK" : 711,
    "USER" : 2,
    "USER TALK" : 3,
    "VATEN" : 1,
    "WERÊNAYIŞ" : 1,
    "WIKIPEDIA" : 4,
    "WIKIPEDIA MESAC" : 5,
    "WIKIPEDIA TALK" : 5,
    "WIKIPEDIA VATEN" : 5,
    "WIKIPEDIA WERÊNAYIŞ" : 5,
    "WP" : 4,
    "XISUSI" : -1
  }
}