{
  "mainpage" : "GŁOWNY BOK",
  "namespace" : {
    "" : 0,
    "BILD" : 6,
    "BILD DISKUSSION" : 7,
    "CATEGORY" : 14,
    "CATEGORY TALK" : 15,
    "DATAJA" : 6,
    "DISKUSIJA" : 1,
    "DISKUSIJA K WOBRAZEJ" : 7,
    "DISKUSIJA WÓ DATAJI" : 7,
    "DISKUSIJA WÓ KATEGORIJI" : 15,
    "DISKUSIJA WÓ POMOCY" : 13,
    "DISKUSIJA WÓ PŚEDŁOZE" : 11,
    "DISKUSIJA WÓ WOBRAZU" : 7,
    "DISKUSIJA WUŽYWARJA" : 3,
    "DISKUSIJA WUŽYWARKI" : 3,
    "FILE" : 6,
    "FILE TALK" : 7,
    "GADGET" : 2300,
    "GADGET DEFINITION" : 2302,
    "GADGET DEFINITION TALK" : 2303,
    "GADGET DISKUSSION" : 2301,
    "GADGET TALK" : 2301,
    "GADGET-DEFINITION" : 2302,
    "GADGET-DEFINITION DISKUSSION" : 2303,
    "HELP" : 12,
    "HELP TALK" : 13,
    "IMAGE" : 6,
    "IMAGE TALK" : 7,
    "KATEGORIJA" : 14,
    "MEDIA" : -2,
    "MEDIAWIKI" : 8,
    "MEDIAWIKI DISKUSIJA" : 9,
    "MEDIAWIKI TALK" : 9,
    "MEDIJA" : -2,
    "MODUL" : 828,
    "MODUL DISKUSIJA" : 829,
    "MODULE" : 828,
    "MODULE TALK" : 829,
    "POMOC" : 12,
    "PROJECT" : 4,
    "PROJECT TALK" : 5,
    "PŚEDŁOGA" : 10,
    "SPECIAL" : -1,
    "SPECIALNE" : -1,
    "TALK" : 1,
    "TEMPLATE" : 10,
    "TEMPLATE TALK" : 11,
    "TIMEDTEXT" : 710,
    "TIMEDTEXT TALK" : 711,
    "USER" : 2,
    "USER TALK" : 3,
    "WIKIPEDIA" : 4,
    "WIKIPEDIA TALK" : 5,
    "WIKIPEDIJA" : 4,
    "WIKIPEDIJA DISKUSIJA" : 5,
    "WOBRAZ" : 6,
    "WP" : 4,
    "WUŽYWAŔ" : 2,
    "WUŽYWARKA" : 2
  }
}