{
  "mainpage" : "ΠΎΛΗ:ΚΎΡΙΑ",
  "namespace" : {
    "" : 0,
    "CATEGORY" : 14,
    "CATEGORY TALK" : 15,
    "EDUCATION PROGRAM" : 446,
    "EDUCATION PROGRAM TALK" : 447,
    "FILE" : 6,
    "FILE TALK" : 7,
    "GADGET" : 2300,
    "GADGET DEFINITION" : 2302,
    "GADGET DEFINITION TALK" : 2303,
    "GADGET TALK" : 2301,
    "HELP" : 12,
    "HELP TALK" : 13,
    "IMAGE" : 6,
    "IMAGE TALK" : 7,
    "MEDIA" : -2,
    "MEDIAWIKI" : 8,
    "MEDIAWIKI TALK" : 9,
    "MODULE" : 828,
    "MODULE TALK" : 829,
    "PROJECT" : 4,
    "PROJECT TALK" : 5,
    "SPECIAL" : -1,
    "TALK" : 1,
    "TEMPLATE" : 10,
    "TEMPLATE TALK" : 11,
    "TIMEDTEXT" : 710,
    "TIMEDTEXT TALK" : 711,
    "TOPIC" : 2600,
    "USER" : 2,
    "USER TALK" : 3,
    "ΑΡΧΕΊΟ" : 6,
    "ΒΙΚΙΠΑΊΔΕΙΑ" : 4,
    "ΒΙΚΙΠΑΊΔΕΙΑ ΣΥΖΉΤΗΣΗ" : 5,
    "ΒΟΉΘΕΙΑ" : 12,
    "ΒΠ" : 4,
    "ΕΙΔΙΚΌ" : -1,
    "ΕΙΚΌΝΑ" : 6,
    "ΚΑΤΗΓΟΡΊΑ" : 14,
    "ΜΈΣΟ" : -2,
    "ΜΈΣΟΝ" : -2,
    "ΠΡΌΤΥΠΟ" : 10,
    "ΠΎΛΗ" : 100,
    "ΣΥΖΉΤΗΣΗ" : 1,
    "ΣΥΖΉΤΗΣΗ MEDIAWIKI" : 9,
    "ΣΥΖΉΤΗΣΗ ΑΡΧΕΊΟΥ" : 7,
    "ΣΥΖΉΤΗΣΗ ΒΙΚΙΠΑΊΔΕΙΑ" : 5,
    "ΣΥΖΉΤΗΣΗ ΒΟΉΘΕΙΑΣ" : 13,
    "ΣΥΖΉΤΗΣΗ ΕΙΚΌΝΑΣ" : 7,
    "ΣΥΖΉΤΗΣΗ ΚΑΤΗΓΟΡΊΑΣ" : 15,
    "ΣΥΖΉΤΗΣΗ ΠΡΟΤΎΠΟΥ" : 11,
    "ΣΥΖΉΤΗΣΗ ΠΎΛΗΣ" : 101,
    "ΣΥΖΉΤΗΣΗ ΧΡΉΣΤΗ" : 3,
    "ΧΡΉΣΤΗΣ" : 2
  }
}