{
  "mainpage" : "PÁGINA PRENCIPAL",
  "namespace" : {
    "" : 0,
    "ACCESORIO" : 2300,
    "ACCESORIO DEFINICIÓN" : 2302,
    "ACCESORIO DEFINICIÓN DISCUSIÓN" : 2303,
    "ACCESORIO DISCUSIÓN" : 2301,
    "ARCHIVU" : 6,
    "ARCHIVU CARABA" : 7,
    "AYUA" : 12,
    "AYUA CARABA" : 13,
    "CARABA" : 1,
    "CATEGORIA" : 14,
    "CATEGORÍA" : 14,
    "CATEGORIA CARABA" : 15,
    "CATEGORÍA CARABA" : 15,
    "CATEGORY" : 14,
    "CATEGORY TALK" : 15,
    "ESPECIAL" : -1,
    "FILE" : 6,
    "FILE TALK" : 7,
    "GADGET" : 2300,
    "GADGET DEFINITION" : 2302,
    "GADGET DEFINITION TALK" : 2303,
    "GADGET TALK" : 2301,
    "GÜIQUIPEYA" : 4,
    "GÜIQUIPEYA CARABA" : 5,
    "HELP" : 12,
    "HELP TALK" : 13,
    "IMAGE" : 6,
    "IMAGE TALK" : 7,
    "IMAGEN" : 6,
    "IMAGEN DISCUSIÓN" : 7,
    "MEDIA" : -2,
    "MEDIAWIKI" : 8,
    "MEDIAWIKI CARABA" : 9,
    "MEDIAWIKI TALK" : 9,
    "MEDIU" : -2,
    "MODULE" : 828,
    "MODULE TALK" : 829,
    "MÓDULO" : 828,
    "MÓDULO DISCUSIÓN" : 829,
    "PRANTILLA" : 10,
    "PRANTILLA CARABA" : 11,
    "PROJECT" : 4,
    "PROJECT TALK" : 5,
    "SPECIAL" : -1,
    "TALK" : 1,
    "TEMPLATE" : 10,
    "TEMPLATE TALK" : 11,
    "TIMEDTEXT" : 710,
    "TIMEDTEXT TALK" : 711,
    "USER" : 2,
    "USER TALK" : 3,
    "USUARIA" : 2,
    "USUARIA CARABA" : 3,
    "USUARIO" : 2,
    "USUARIO CARABA" : 3,
    "WIKIPEDIA" : 4,
    "WIKIPEDIA TALK" : 5,
    "WP" : 4
  }
}