{
  "mainpage" : "PRÍOMHLEATHANACH",
  "namespace" : {
    "" : 0,
    "CABHAIR" : 12,
    "CATAGÓIR" : 14,
    "CATEGORY" : 14,
    "CATEGORY TALK" : 15,
    "FILE" : 6,
    "FILE TALK" : 7,
    "GADGET" : 2300,
    "GADGET DEFINITION" : 2302,
    "GADGET DEFINITION TALK" : 2303,
    "GADGET TALK" : 2301,
    "HELP" : 12,
    "HELP TALK" : 13,
    "IMAGE" : 6,
    "IMAGE TALK" : 7,
    "ÍOMHÁ" : 6,
    "MEÁN" : -2,
    "MEDIA" : -2,
    "MEDIAWIKI" : 8,
    "MEDIAWIKI TALK" : 9,
    "MODULE" : 828,
    "MODULE TALK" : 829,
    "MÚNLA" : 10,
    "PLÉ" : 1,
    "PLÉ CABHRACH" : 13,
    "PLÉ CATAGÓIRE" : 15,
    "PLÉ ÍOMHÁ" : 7,
    "PLÉ Í­OMHÁ" : 7,
    "PLÉ MEDIAWIKI" : 9,
    "PLÉ MÚNLA" : 11,
    "PLÉ TEIMPLÉID" : 11,
    "PLÉ ÚSÁIDEORA" : 3,
    "PLÉ VICIPÉIDE" : 5,
    "PROJECT" : 4,
    "PROJECT TALK" : 5,
    "RANG" : 14,
    "SPECIAL" : -1,
    "SPEISIALTA" : -1,
    "TALK" : 1,
    "TEIMPLÉAD" : 10,
    "TEMPLATE" : 10,
    "TEMPLATE TALK" : 11,
    "TIMEDTEXT" : 710,
    "TIMEDTEXT TALK" : 711,
    "ÚSÁIDEOIR" : 2,
    "USER" : 2,
    "USER TALK" : 3,
    "VICIPÉID" : 4,
    "WIKIPEDIA" : 4,
    "WIKIPEDIA TALK" : 5,
    "WP" : 4
  }
}