{
  "mainpage" : "મુખપૃષ્ઠ",
  "namespace" : {
    "" : 0,
    "CAT" : 14,
    "CATEGORY" : 14,
    "CATEGORY TALK" : 15,
    "FILE" : 6,
    "FILE TALK" : 7,
    "GADGET" : 2300,
    "GADGET DEFINITION" : 2302,
    "GADGET DEFINITION TALK" : 2303,
    "GADGET TALK" : 2301,
    "HELP" : 12,
    "HELP TALK" : 13,
    "IMAGE" : 6,
    "IMAGE TALK" : 7,
    "MEDIA" : -2,
    "MEDIAWIKI" : 8,
    "MEDIAWIKI TALK" : 9,
    "MODULE" : 828,
    "MODULE TALK" : 829,
    "PROJECT" : 4,
    "PROJECT TALK" : 5,
    "SPECIAL" : -1,
    "TALK" : 1,
    "TEMPLATE" : 10,
    "TEMPLATE TALK" : 11,
    "TIMEDTEXT" : 710,
    "TIMEDTEXT TALK" : 711,
    "USER" : 2,
    "USER TALK" : 3,
    "WIKIPEDIA" : 4,
    "WIKIPEDIA TALK" : 5,
    "WP" : 4,
    "ચર્ચા" : 1,
    "ચિત્ર" : 6,
    "ચિત્રની ચર્ચા" : 7,
    "ઢાંચાની ચર્ચા" : 11,
    "ઢાંચો" : 10,
    "દ્રશ્ય-શ્રાવ્ય (મિડિયા)" : -2,
    "મદદ" : 12,
    "મદદની ચર્ચા" : 13,
    "મીડિયાવિકિ" : 8,
    "મીડિયાવિકિ ચર્ચા" : 9,
    "વિ" : 4,
    "વિકિપીડિયા" : 4,
    "વિકિપીડિયા ચર્ચા" : 5,
    "વિભાગ" : 828,
    "વિભાગ ચર્ચા" : 829,
    "વિશેષ" : -1,
    "શ્રે" : 14,
    "શ્રેણી" : 14,
    "શ્રેણીની ચર્ચા" : 15,
    "સ" : 2,
    "સભ્ય" : 2,
    "સભ્યની ચર્ચા" : 3
  }
}