{
  "mainpage" : "HŁOWNA STRONA",
  "namespace" : {
    "" : 0,
    "BILD" : 6,
    "BILD DISKUSSION" : 7,
    "CATEGORY" : 14,
    "CATEGORY TALK" : 15,
    "DATAJA" : 6,
    "DISKUSIJA" : 1,
    "DISKUSIJA K DATAJI" : 7,
    "DISKUSIJA K PŘEDŁOZE" : 11,
    "DISKUSIJA K WOBRAZEJ" : 7,
    "DISKUSIJA KE KATEGORIJI" : 15,
    "DISKUSIJA WÓ WOBRAZU" : 7,
    "DISKUSIJA Z WUŽIWARJOM" : 3,
    "DISKUSIJA Z WUŽIWARKU" : 3,
    "FILE" : 6,
    "FILE TALK" : 7,
    "GADGET" : 2300,
    "GADGET DEFINITION" : 2302,
    "GADGET DEFINITION TALK" : 2303,
    "GADGET DISKUSSION" : 2301,
    "GADGET TALK" : 2301,
    "GADGET-DEFINITION" : 2302,
    "GADGET-DEFINITION DISKUSSION" : 2303,
    "HELP" : 12,
    "HELP TALK" : 13,
    "IMAGE" : 6,
    "IMAGE TALK" : 7,
    "KATEGORIJA" : 14,
    "MEDIA" : -2,
    "MEDIAWIKI" : 8,
    "MEDIAWIKI DISKUSIJA" : 9,
    "MEDIAWIKI TALK" : 9,
    "MODUL" : 828,
    "MODUL DISKUSIJA" : 829,
    "MODULE" : 828,
    "MODULE TALK" : 829,
    "POMOC" : 12,
    "POMOC DISKUSIJA" : 13,
    "PŘEDŁOHA" : 10,
    "PROJECT" : 4,
    "PROJECT TALK" : 5,
    "SPECIAL" : -1,
    "SPECIALNJE" : -1,
    "TALK" : 1,
    "TEMPLATE" : 10,
    "TEMPLATE TALK" : 11,
    "TIMEDTEXT" : 710,
    "TIMEDTEXT TALK" : 711,
    "USER" : 2,
    "USER TALK" : 3,
    "WIKIPEDIA" : 4,
    "WIKIPEDIA TALK" : 5,
    "WIKIPEDIJA" : 4,
    "WIKIPEDIJA DISKUSIJA" : 5,
    "WOBRAZ" : 6,
    "WP" : 4,
    "WUŽIWAR" : 2,
    "WUŽIWARKA" : 2
  }
}