{
  "mainpage" : "KEZDŐLAP",
  "namespace" : {
    "" : 0,
    "CATEGORY" : 14,
    "CATEGORY TALK" : 15,
    "FÁJL" : 6,
    "FÁJLVITA" : 7,
    "FILE" : 6,
    "FILE TALK" : 7,
    "GADGET" : 2300,
    "GADGET DEFINITION" : 2302,
    "GADGET DEFINITION TALK" : 2303,
    "GADGET TALK" : 2301,
    "HELP" : 12,
    "HELP TALK" : 13,
    "IMAGE" : 6,
    "IMAGE TALK" : 7,
    "KATEGÓRIA" : 14,
    "KATEGÓRIA VITA" : 15,
    "KATEGÓRIAVITA" : 15,
    "KÉP" : 6,
    "KÉP VITA" : 7,
    "KÉPVITA" : 7,
    "MEDIA" : -2,
    "MÉDIA" : -2,
    "MEDIAWIKI" : 8,
    "MEDIAWIKI TALK" : 9,
    "MEDIAWIKI VITA" : 9,
    "MEDIAWIKI-VITA" : 9,
    "MODUL" : 828,
    "MODULE" : 828,
    "MODULE TALK" : 829,
    "MODULVITA" : 829,
    "ÖSSZEFOGLALÓ" : 92,
    "ÖSSZEFOGLALÓ-VITA" : 93,
    "PORTÁL" : 100,
    "PORTÁL VITA" : 101,
    "PORTÁLVITA" : 101,
    "PROJECT" : 4,
    "PROJECT TALK" : 5,
    "SABLON" : 10,
    "SABLON VITA" : 11,
    "SABLONVITA" : 11,
    "SEGÍTSÉG" : 12,
    "SEGÍTSÉG VITA" : 13,
    "SEGÍTSÉGVITA" : 13,
    "SPECIAL" : -1,
    "SPECIÁLIS" : -1,
    "SUMMARY" : 92,
    "SUMMARY TALK" : 93,
    "SZÁL" : 90,
    "SZÁLVITA" : 91,
    "SZERKESZTŐ" : 2,
    "SZERKESZTŐVITA" : 3,
    "TALK" : 1,
    "TEMPLATE" : 10,
    "TEMPLATE TALK" : 11,
    "THREAD" : 90,
    "THREAD TALK" : 91,
    "TIMEDTEXT" : 710,
    "TIMEDTEXT TALK" : 711,
    "USER" : 2,
    "USER TALK" : 3,
    "USER VITA" : 3,
    "VITA" : 1,
    "WIKIPEDIA" : 4,
    "WIKIPÉDIA" : 4,
    "WIKIPEDIA TALK" : 5,
    "WIKIPÉDIA VITA" : 5,
    "WIKIPÉDIA-VITA" : 5,
    "WP" : 4
  }
}