{
  "mainpage" : "PAGINA PRINCIPAL",
  "namespace" : {
    "" : 0,
    "ADJUTA" : 12,
    "APPENDICE" : 102,
    "CATEGORIA" : 14,
    "CATEGORY" : 14,
    "CATEGORY TALK" : 15,
    "DISCUSSION" : 1,
    "DISCUSSION ADJUTA" : 13,
    "DISCUSSION APPENDICE" : 103,
    "DISCUSSION CATEGORIA" : 15,
    "DISCUSSION FILE" : 7,
    "DISCUSSION IMAGINE" : 7,
    "DISCUSSION MEDIAWIKI" : 9,
    "DISCUSSION PATRONO" : 11,
    "DISCUSSION PORTAL" : 101,
    "DISCUSSION USATOR" : 3,
    "DISCUSSION WIKIPEDIA" : 5,
    "FILE" : 6,
    "FILE TALK" : 7,
    "GADGET" : 2300,
    "GADGET DEFINITION" : 2302,
    "GADGET DEFINITION TALK" : 2303,
    "GADGET TALK" : 2301,
    "HELP" : 12,
    "HELP TALK" : 13,
    "IMAGE" : 6,
    "IMAGE TALK" : 7,
    "IMAGINE" : 6,
    "MEDIA" : -2,
    "MEDIAWIKI" : 8,
    "MEDIAWIKI TALK" : 9,
    "MODULE" : 828,
    "MODULE TALK" : 829,
    "MULTIMEDIA" : -2,
    "PATRONO" : 10,
    "PORTAL" : 100,
    "PROJECT" : 4,
    "PROJECT TALK" : 5,
    "SPECIAL" : -1,
    "TALK" : 1,
    "TEMPLATE" : 10,
    "TEMPLATE TALK" : 11,
    "TIMEDTEXT" : 710,
    "TIMEDTEXT TALK" : 711,
    "USATOR" : 2,
    "USER" : 2,
    "USER TALK" : 3,
    "WIKIPEDIA" : 4,
    "WIKIPEDIA TALK" : 5,
    "WP" : 4
  }
}