{
  "mainpage" : "メインページ",
  "namespace" : {
    "" : 0,
    "CATEGORY" : 14,
    "CATEGORY TALK" : 15,
    "CATEGORY‐ノート" : 15,
    "FILE" : 6,
    "FILE TALK" : 7,
    "GADGET" : 2300,
    "GADGET DEFINITION" : 2302,
    "GADGET DEFINITION TALK" : 2303,
    "GADGET TALK" : 2301,
    "HELP" : 12,
    "HELP TALK" : 13,
    "HELP‐ノート" : 13,
    "IMAGE" : 6,
    "IMAGE TALK" : 7,
    "MEDIA" : -2,
    "MEDIAWIKI" : 8,
    "MEDIAWIKI TALK" : 9,
    "MEDIAWIKI‐ノート" : 9,
    "MEDIAWIKI・トーク" : 9,
    "MODULE" : 828,
    "MODULE TALK" : 829,
    "PORTAL" : 100,
    "PORTAL‐ノート" : 101,
    "PORTAL・トーク" : 101,
    "PROJECT" : 4,
    "PROJECT TALK" : 5,
    "SPECIAL" : -1,
    "TALK" : 1,
    "TEMPLATE" : 10,
    "TEMPLATE TALK" : 11,
    "TEMPLATE‐ノート" : 11,
    "TIMEDTEXT" : 710,
    "TIMEDTEXT TALK" : 711,
    "USER" : 2,
    "USER TALK" : 3,
    "WIKIPEDIA" : 4,
    "WIKIPEDIA TALK" : 5,
    "WIKIPEDIA‐ノート" : 5,
    "WIKIPEDIA・トーク" : 5,
    "WP" : 4,
    "カテゴリ" : 14,
    "カテゴリ・トーク" : 15,
    "テンプレート" : 10,
    "テンプレート・トーク" : 11,
    "トーク" : 1,
    "ノート" : 1,
    "ファイル" : 6,
    "ファイル‐ノート" : 7,
    "ファイル・トーク" : 7,
    "プロジェクト" : 102,
    "プロジェクト‐ノート" : 103,
    "プロジェクト・トーク" : 103,
    "ヘルプ" : 12,
    "ヘルプ・トーク" : 13,
    "ポータル‐ノート" : 101,
    "メディア" : -2,
    "モジュール" : 828,
    "モジュール‐ノート" : 829,
    "モジュール・トーク" : 829,
    "利用者" : 2,
    "利用者‐会話" : 3,
    "利用者・トーク" : 3,
    "特別" : -1,
    "画像" : 6,
    "画像‐ノート" : 7
  }
}