{
  "mainpage" : "BAS BET",
  "namespace" : {
    "" : 0,
    "ANIQLAMA" : 12,
    "ANIQLAMA SA'WBETI" : 13,
    "ANIQTAMA" : 12,
    "ANIQTAMA TALQILAWI" : 13,
    "ARNAWLI" : -1,
    "ARNAÝI" : -1,
    "CATEGORY" : 14,
    "CATEGORY TALK" : 15,
    "FILE" : 6,
    "FILE TALK" : 7,
    "GADGET" : 2300,
    "GADGET DEFINITION" : 2302,
    "GADGET DEFINITION TALK" : 2303,
    "GADGET TALK" : 2301,
    "HELP" : 12,
    "HELP TALK" : 13,
    "IMAGE" : 6,
    "IMAGE TALK" : 7,
    "KATEGORIYA" : 14,
    "KATEGORIYA SA'WBETI" : 15,
    "MEDIA" : -2,
    "MEDIAWIKI" : 8,
    "MEDÏAWÏKÏ" : 8,
    "MEDIAWIKI SA'WBETI" : 9,
    "MEDIAWIKI TALK" : 9,
    "MEDÏAWÏKÏ TALQILAWI" : 9,
    "MODULE" : 828,
    "MODULE TALK" : 829,
    "PAYDALANIWSHI" : 2,
    "PAYDALANIWSHI SA'WBETI" : 3,
    "PROJECT" : 4,
    "PROJECT TALK" : 5,
    "QATISWŞI" : 2,
    "QATISWŞI TALQILAWI" : 3,
    "SA'WBET" : 1,
    "SANAT" : 14,
    "SANAT TALQILAWI" : 15,
    "SHABLON" : 10,
    "SHABLON SA'WBETI" : 11,
    "SPECIAL" : -1,
    "SU'WRET" : 6,
    "SU'WRET SA'WBETI" : 7,
    "SWRET" : 6,
    "SWRET TALQILAWI" : 7,
    "TALK" : 1,
    "TALQILAW" : 1,
    "TASPA" : -2,
    "TEMPLATE" : 10,
    "TEMPLATE TALK" : 11,
    "TIMEDTEXT" : 710,
    "TIMEDTEXT TALK" : 711,
    "ÜLGI" : 10,
    "ÜLGI TALQILAWI" : 11,
    "USER" : 2,
    "USER TALK" : 3,
    "WIKIPEDIA" : 4,
    "WIKIPEDIA SA'WBETI" : 5,
    "WIKIPEDIA TALK" : 5,
    "WIKIPEDIA TALQILAWI" : 5,
    "WIKIPEDIA ТАЛҚЫЛАУЫ" : 5,
    "WIKIPEDIA تالقىلاۋى" : 5,
    "WP" : 4,
    "АНЫҚТАМА" : 12,
    "АНЫҚТАМА ТАЛҚЫЛАУЫ" : 13,
    "АРНАЙЫ" : -1,
    "ҚАТЫСУШЫ" : 2,
    "ҚАТЫСУШЫ ТАЛҚЫЛАУЫ" : 3,
    "МЕДИАУИКИ" : 8,
    "МЕДИАУИКИ ТАЛҚЫЛАУЫ" : 9,
    "САНАТ" : 14,
    "САНАТ ТАЛҚЫЛАУЫ" : 15,
    "СУРЕТ" : 6,
    "СУРЕТ ТАЛҚЫЛАУЫ" : 7,
    "ТАЛҚЫЛАУ" : 1,
    "ТАСПА" : -2,
    "ҮЛГІ" : 10,
    "ҮЛГІ ТАЛҚЫЛАУЫ" : 11,
    "ٴۇلگٴى" : 10,
    "ٴۇلگٴى تالقىلاۋى" : 11,
    "ٷلگٸ" : 10,
    "ٷلگٸ تالقىلاۋى" : 11,
    "ارنايى" : -1,
    "انىقتاما" : 12,
    "انىقتاما تالقىلاۋى" : 13,
    "تاسپا" : -2,
    "تالقىلاۋ" : 1,
    "سانات" : 14,
    "سانات تالقىلاۋى" : 15,
    "سۋرەت" : 6,
    "سۋرەت تالقىلاۋى" : 7,
    "قاتىسۋشى" : 2,
    "قاتىسۋشى تالقىلاۋى" : 3,
    "مەدياۋيكي" : 8,
    "مەدياۋيكي تالقىلاۋى" : 9
  }
}