{
  "mainpage" : "اَہَم صَفہٕ",
  "namespace" : {
    "" : 0,
    "CATEGORY" : 14,
    "CATEGORY TALK" : 15,
    "FILE" : 6,
    "FILE TALK" : 7,
    "GADGET" : 2300,
    "GADGET DEFINITION" : 2302,
    "GADGET DEFINITION TALK" : 2303,
    "GADGET TALK" : 2301,
    "HELP" : 12,
    "HELP TALK" : 13,
    "IMAGE" : 6,
    "IMAGE TALK" : 7,
    "MEDIA" : -2,
    "MEDIAWIKI" : 8,
    "MEDIAWIKI TALK" : 9,
    "MODULE" : 828,
    "MODULE TALK" : 829,
    "PROJECT" : 4,
    "PROJECT TALK" : 5,
    "SPECIAL" : -1,
    "TALK" : 1,
    "TEMPLATE" : 10,
    "TEMPLATE TALK" : 11,
    "TIMEDTEXT" : 710,
    "TIMEDTEXT TALK" : 711,
    "USER" : 2,
    "USER TALK" : 3,
    "WIKIPEDIA" : 4,
    "WIKIPEDIA TALK" : 5,
    "WP" : 4,
    "بَحَژ" : 1,
    "پَلزُن" : 12,
    "پَلزُن بَحَژ" : 13,
    "خاص" : -1,
    "رُکُن" : 2,
    "رُکُن بَحَژ" : 3,
    "رُکُن کَتھ" : 3,
    "زٲژ" : 14,
    "زٲژ بَحَژ" : 15,
    "زٲژ کَتھ" : 15,
    "فرما" : 10,
    "فرما بَحَژ" : 11,
    "فرما کَتھ" : 11,
    "فَیِل" : 6,
    "فَیِل بَحَژ" : 7,
    "فَیِل کَتھ" : 7,
    "کَتھ" : 1,
    "مَدَتھ" : 12,
    "مَدَتھ کَتھ" : 13,
    "میڈیا" : -2,
    "میڈیاوکی" : 8,
    "میٖڈیاوِکی" : 8,
    "میڈیاوکی بَحَژ" : 9,
    "میٖڈیاوِکی کَتھ" : 9,
    "وب" : 5,
    "وپ" : 4,
    "وِکیٖپیٖڈیا" : 4,
    "وِکیٖپیٖڈیا بَحَژ" : 5,
    "وِکیٖپیٖڈیا کَتھ" : 5
  }
}