{
  "mainpage" : "БАШКЫ БАРАК",
  "namespace" : {
    "" : 0,
    "CATEGORY" : 14,
    "CATEGORY TALK" : 15,
    "FILE" : 6,
    "FILE TALK" : 7,
    "GADGET" : 2300,
    "GADGET DEFINITION" : 2302,
    "GADGET DEFINITION TALK" : 2303,
    "GADGET TALK" : 2301,
    "HELP" : 12,
    "HELP TALK" : 13,
    "IMAGE" : 6,
    "IMAGE TALK" : 7,
    "MEDIA" : -2,
    "MEDIAWIKI" : 8,
    "MEDIAWIKI TALK" : 9,
    "MODULE" : 828,
    "MODULE TALK" : 829,
    "PROJECT" : 4,
    "PROJECT TALK" : 5,
    "SPECIAL" : -1,
    "TALK" : 1,
    "TEMPLATE" : 10,
    "TEMPLATE TALK" : 11,
    "TIMEDTEXT" : 710,
    "TIMEDTEXT TALK" : 711,
    "USER" : 2,
    "USER TALK" : 3,
    "WIKIPEDIA" : 4,
    "WIKIPEDIA TALK" : 5,
    "WP" : 4,
    "АТАЙЫН" : -1,
    "ВИКИПЕДИЯ" : 4,
    "ВИКИПЕДИЯНЫ ТАЛКУУЛОО" : 5,
    "ГАДЖЕТ" : 2300,
    "ГАДЖЕТТИ ТАЛКУУЛОО" : 2301,
    "ГАДЖЕТТИН ТҮШҮНДҮРМӨСҮ" : 2302,
    "ГАДЖЕТТИН ТҮШҮНДҮРМӨСҮН ТАЛКУУЛОО" : 2303,
    "ЖАРДАМ" : 12,
    "ЖАРДАМДЫ ТАЛКУУЛОО" : 13,
    "КАЛЫП" : 10,
    "КАЛЫПТЫ ТАЛКУУЛОО" : 11,
    "КАТЕГОРИЯ" : 14,
    "КАТЕГОРИЯНЫ ТАЛКУУЛОО" : 15,
    "КОЛДОНУУЧУ" : 2,
    "КОЛДОНУУЧУНУН БААРЛАШУУЛАРЫ" : 3,
    "МЕДИА" : -2,
    "МЕДИАВИКИ" : 8,
    "МЕДИАВИКИНИ ТАЛКУУЛОО" : 9,
    "МОДУЛДУ ТАЛКУУЛОО" : 829,
    "МОДУЛЬ" : 828,
    "ТАЛКУУ" : 1,
    "ФАЙЛ" : 6,
    "ФАЙЛДЫ ТАЛКУУЛОО" : 7
  }
}