{
  "mainpage" : "LA PRIMERA HOJA",
  "namespace" : {
    "" : 0,
    "ACCESORIO" : 2300,
    "ACCESORIO DEFINICIÓN" : 2302,
    "ACCESORIO DEFINICIÓN DISCUSIÓN" : 2303,
    "ACCESORIO DISCUSIÓN" : 2301,
    "ARCHIVO" : 6,
    "ARCHIVO DISCUSIÓN" : 7,
    "AYUDA" : 12,
    "AYUDA DISCUSIÓN" : 13,
    "AYUDO" : 12,
    "CATEGORÍA" : 14,
    "CATEGORÍA DISCUSIÓN" : 15,
    "CATEGORY" : 14,
    "CATEGORY TALK" : 15,
    "DISCUSIÓN" : 1,
    "DISKUSSIÓN" : 1,
    "DISKUSSIÓN DE AYUDO" : 13,
    "DISKUSSIÓN DE DOSSIA" : 7,
    "DISKUSSIÓN DE VIKIPEDYA" : 5,
    "DISKUSSIÓN DE XABBLÓN" : 9,
    "DISKUSYÓN" : 1,
    "DISKUSYÓN DE AYUDO" : 13,
    "DISKUSYÓN DE DOSYA" : 7,
    "DISKUSYÓN DE KATEGGORÍA" : 15,
    "DISKUSYÓN DE KATĒGGORÍA" : 15,
    "DISKUSYÓN DE MEDYAVIKI" : 9,
    "DISKUSYÓN DE PORTAL" : 101,
    "DISKUSYÓN DE VIKIPEDYA" : 5,
    "DISKUSYÓN DE XABBLÓN" : 11,
    "DISKUSYÓN DE XABLÓN" : 11,
    "DOSSIA" : 6,
    "DOSYA" : 6,
    "EMPLEADOR" : 2,
    "ESPECIAL" : -1,
    "FILE" : 6,
    "FILE TALK" : 7,
    "GADGET" : 2300,
    "GADGET DEFINITION" : 2302,
    "GADGET DEFINITION TALK" : 2303,
    "GADGET TALK" : 2301,
    "HELP" : 12,
    "HELP TALK" : 13,
    "IMAGE" : 6,
    "IMAGE TALK" : 7,
    "IMAGEN" : 6,
    "IMAGEN DISCUSIÓN" : 7,
    "KATEGGORÍA" : 14,
    "KATĒGGORÍA" : 14,
    "MEDDIA" : -2,
    "MEDIA" : -2,
    "MEDIAWIKI" : 8,
    "MEDIAWIKI DISCUSIÓN" : 9,
    "MEDIAWIKI TALK" : 9,
    "MEDYA" : -2,
    "MEDYAVIKI" : 8,
    "MESSAGE DE EMPLEADOR" : 3,
    "MESSAJE DE USADOR" : 3,
    "MODULE" : 828,
    "MODULE TALK" : 829,
    "MÓDULO" : 828,
    "MÓDULO DISCUSIÓN" : 829,
    "PLANTILLA" : 10,
    "PLANTILLA DISCUSIÓN" : 11,
    "PORTAL" : 100,
    "PROJECT" : 4,
    "PROJECT TALK" : 5,
    "SPECIAL" : -1,
    "TALK" : 1,
    "TEMPLATE" : 10,
    "TEMPLATE TALK" : 11,
    "TIMEDTEXT" : 710,
    "TIMEDTEXT TALK" : 711,
    "USADOR" : 2,
    "USER" : 2,
    "USER TALK" : 3,
    "USUARIO" : 2,
    "USUARIO DISCUSIÓN" : 3,
    "VIKIPEDYA" : 4,
    "VIKIPEDYA DISCUSIÓN" : 5,
    "WIKIPEDIA" : 4,
    "WIKIPEDIA TALK" : 5,
    "WP" : 4,
    "XABBLÓN" : 10,
    "XABLÓN" : 10
  }
}