{
  "mainpage" : "VEURBLAAD",
  "namespace" : {
    "" : 0,
    "AAFBEILDING" : 6,
    "AFBEELDING" : 6,
    "CATEGORIE" : 14,
    "CATEGORY" : 14,
    "CATEGORY TALK" : 15,
    "EUVERLÈK" : 1,
    "EUVERLÈK AFBEELDING" : 7,
    "EUVERLÈK CATEGORIE" : 15,
    "EUVERLÈK GEBROEKER" : 3,
    "EUVERLÈK HELP" : 13,
    "EUVERLÈK KATEGORIE" : 15,
    "EUVERLÈK MEDIAWIKI" : 9,
    "EUVERLÈK PLAETJE" : 7,
    "EUVERLÈK PORTAOL" : 101,
    "EUVERLÈK SJABLOON" : 11,
    "EUVERLÈK WIKIPEDIA" : 5,
    "FILE" : 6,
    "FILE TALK" : 7,
    "GADGET" : 2300,
    "GADGET DEFINITION" : 2302,
    "GADGET DEFINITION TALK" : 2303,
    "GADGET TALK" : 2301,
    "GEBROEKER" : 2,
    "HELP" : 12,
    "HELP TALK" : 13,
    "IMAGE" : 6,
    "IMAGE TALK" : 7,
    "KATEGORIE" : 14,
    "MEDIA" : -2,
    "MEDIAWIKI" : 8,
    "MEDIAWIKI TALK" : 9,
    "MODULE" : 828,
    "MODULE TALK" : 829,
    "OVERLEG AFBEELDING" : 7,
    "OVERLEG MODULE" : 829,
    "OVERLEG UITBREIDING" : 2301,
    "OVERLEG UITBREIDINGSDEFINITIE" : 2303,
    "PLAETJE" : 6,
    "PORTAOL" : 100,
    "PROJECT" : 4,
    "PROJECT TALK" : 5,
    "SJABLOON" : 10,
    "SPECIAAL" : -1,
    "SPECIAL" : -1,
    "TALK" : 1,
    "TEMPLATE" : 10,
    "TEMPLATE TALK" : 11,
    "TIMEDTEXT" : 710,
    "TIMEDTEXT TALK" : 711,
    "UITBREIDING" : 2300,
    "UITBREIDINGSDEFINITIE" : 2302,
    "USER" : 2,
    "USER TALK" : 3,
    "WIKIPEDIA" : 4,
    "WIKIPEDIA TALK" : 5,
    "WP" : 4
  }
}