{
  "mainpage" : "SĀKUMLAPA",
  "namespace" : {
    "" : 0,
    "ATTĒLA DISKUSIJA" : 7,
    "ATTĒLS" : 6,
    "CATEGORY" : 14,
    "CATEGORY TALK" : 15,
    "DALĪBNIECE" : 2,
    "DALĪBNIECES DISKUSIJA" : 3,
    "DALĪBNIEKA DISKUSIJA" : 3,
    "DALĪBNIEKS" : 2,
    "DISKUSIJA" : 1,
    "EDUCATION PROGRAM" : 446,
    "EDUCATION PROGRAM TALK" : 447,
    "FILE" : 6,
    "FILE TALK" : 7,
    "GADGET" : 2300,
    "GADGET DEFINITION" : 2302,
    "GADGET DEFINITION TALK" : 2303,
    "GADGET TALK" : 2301,
    "HELP" : 12,
    "HELP TALK" : 13,
    "IMAGE" : 6,
    "IMAGE TALK" : 7,
    "KATEGORIJA" : 14,
    "KATEGORIJAS DISKUSIJA" : 15,
    "LIETOTĀJA DISKUSIJA" : 3,
    "LIETOTĀJS" : 2,
    "MEDIA" : -2,
    "MEDIAWIKI" : 8,
    "MEDIAWIKI DISKUSIJA" : 9,
    "MEDIAWIKI TALK" : 9,
    "MODUĻA DISKUSIJA" : 829,
    "MODULE" : 828,
    "MODULE TALK" : 829,
    "MODULIS" : 828,
    "PALĪDZĪBA" : 12,
    "PALĪDZĪBAS DISKUSIJA" : 13,
    "PORTĀLA DISKUSIJA" : 101,
    "PORTĀLS" : 100,
    "PROJECT" : 4,
    "PROJECT TALK" : 5,
    "SPECIAL" : -1,
    "TALK" : 1,
    "TĒMA" : 2600,
    "TEMPLATE" : 10,
    "TEMPLATE TALK" : 11,
    "TIMEDTEXT" : 710,
    "TIMEDTEXT TALK" : 711,
    "TOPIC" : 2600,
    "USER" : 2,
    "USER TALK" : 3,
    "VEIDNE" : 10,
    "VEIDNES DISKUSIJA" : 11,
    "VIKIPĒDIJA" : 4,
    "VIKIPĒDIJAS DISKUSIJA" : 5,
    "VIKIPROJEKTA DISKUSIJA" : 103,
    "VIKIPROJEKTS" : 102,
    "VP" : 4,
    "WIKIPEDIA" : 4,
    "WIKIPEDIA TALK" : 5,
    "WP" : 4
  }
}