{
  "mainpage" : "TANÈYAN",
  "namespace" : {
    "" : 0,
    "BANTUAN PEMBICARAAN" : 13,
    "BHÂNGSA" : 14,
    "BHÂNTOWAN" : 12,
    "BHENGKEK" : 6,
    "BICARA" : 1,
    "BICARA PENGGUNA" : 3,
    "CATEGORY" : 14,
    "CATEGORY TALK" : 15,
    "CÈṬA'AN" : 10,
    "FILE" : 6,
    "FILE TALK" : 7,
    "GADGET" : 2300,
    "GADGET DEFINITION" : 2302,
    "GADGET DEFINITION TALK" : 2303,
    "GADGET TALK" : 2301,
    "GAMBAR" : 6,
    "GAMBAR PEMBICARAAN" : 7,
    "HELP" : 12,
    "HELP TALK" : 13,
    "IMAGE" : 6,
    "IMAGE TALK" : 7,
    "KATEGORI PEMBICARAAN" : 15,
    "MEDIA" : -2,
    "MÈḌIA" : -2,
    "MEDIAWIKI" : 8,
    "MÈḌIAWIKI" : 8,
    "MEDIAWIKI PEMBICARAAN" : 9,
    "MEDIAWIKI TALK" : 9,
    "MODUL" : 828,
    "MODULE" : 828,
    "MODULE TALK" : 829,
    "PAKANḌHÂ'ÂN" : 1,
    "PAKANḌHÂ'ÂNNA BHÂNGSA" : 15,
    "PAKANḌHÂ'ÂNNA BHÂNTOWAN" : 13,
    "PAKANḌHÂ'ÂNNA BHENGKEK" : 7,
    "PAKANḌHÂ'ÂNNA CÈṬA'AN" : 11,
    "PAKANḌHÂ'ÂNNA MÈḌIAWIKI" : 9,
    "PAKANḌHÂ'ÂNNA PANGANGGHUY" : 3,
    "PAKANḌHÂ'ÂNNA WIKIPÈḌIA" : 5,
    "PANGANGGHUY" : 2,
    "PEMBICARAAN GAMBAR" : 7,
    "PEMBICARAAN MODUL" : 829,
    "PROJECT" : 4,
    "PROJECT TALK" : 5,
    "SPECIAL" : -1,
    "SPESIAL" : -1,
    "TALK" : 1,
    "TEMPLAT PEMBICARAAN" : 11,
    "TEMPLATE" : 10,
    "TEMPLATE TALK" : 11,
    "TIMEDTEXT" : 710,
    "TIMEDTEXT TALK" : 711,
    "USER" : 2,
    "USER TALK" : 3,
    "WIKIPEDIA" : 4,
    "WIKIPÈḌIA" : 4,
    "WIKIPEDIA TALK" : 5,
    "WP" : 4
  }
}