{
  "mainpage" : "ТӰҤ ЛАШТЫК",
  "namespace" : {
    "" : 0,
    "CATEGORY" : 14,
    "CATEGORY TALK" : 15,
    "FILE" : 6,
    "FILE TALK" : 7,
    "GADGET" : 2300,
    "GADGET DEFINITION" : 2302,
    "GADGET DEFINITION TALK" : 2303,
    "GADGET TALK" : 2301,
    "HELP" : 12,
    "HELP TALK" : 13,
    "IMAGE" : 6,
    "IMAGE TALK" : 7,
    "MEDIA" : -2,
    "MEDIAWIKI" : 8,
    "MEDIAWIKI TALK" : 9,
    "MEDIAWIKI КӒНГӒШӸМӒШ" : 9,
    "MEDIAWIKI-М КӒНГӒШӸМӒШ" : 9,
    "MODULE" : 828,
    "MODULE TALK" : 829,
    "PROJECT" : 4,
    "PROJECT TALK" : 5,
    "SPECIAL" : -1,
    "TALK" : 1,
    "TEMPLATE" : 10,
    "TEMPLATE TALK" : 11,
    "TIMEDTEXT" : 710,
    "TIMEDTEXT TALK" : 711,
    "USER" : 2,
    "USER TALK" : 3,
    "WIKIPEDIA" : 4,
    "WIKIPEDIA TALK" : 5,
    "WP" : 4,
    "ВИКИПЕДИЙ" : 4,
    "ВИКИПЕДИЙЫН КАҤАШЫМАШ" : 5,
    "ВИКИПЕДИЙЫН КАҤАШЫМАШЫЖЕ" : 5,
    "ГАДЖЕТ" : 2300,
    "ИЗОБРАЖЕНИЕ" : 6,
    "КАҤАШЫМАШ" : 1,
    "КАТЕГОРИ КӒНГӒШӸМӒШ" : 15,
    "КАТЕГОРИЙ" : 14,
    "КАТЕГОРИЙ ШОТЫШТО КАҤАШЫМАШ" : 15,
    "КАТЕГОРИЙЫН КАҤАШЫМАШ" : 15,
    "КАТЕГОРИЯ" : 14,
    "КЫШКАР" : 10,
    "КЫШКАР ШОТЫШТО КАҤАШЫМАШ" : 11,
    "ЛӰМЫН ЫШТЫМЕ" : -1,
    "МЕДИА" : -2,
    "МОДУЛЬ" : 828,
    "ОБСУЖДЕНИЕ" : 1,
    "ОБСУЖДЕНИЕ MEDIAWIKI" : 9,
    "ОБСУЖДЕНИЕ ВИКИПЕДИЙ" : 5,
    "ОБСУЖДЕНИЕ ГАДЖЕТА" : 2301,
    "ОБСУЖДЕНИЕ ИЗОБРАЖЕНИЯ" : 7,
    "ОБСУЖДЕНИЕ КАТЕГОРИИ" : 15,
    "ОБСУЖДЕНИЕ МОДУЛЯ" : 829,
    "ОБСУЖДЕНИЕ ОПРЕДЕЛЕНИЯ ГАДЖЕТА" : 2303,
    "ОБСУЖДЕНИЕ СПРАВКИ" : 13,
    "ОБСУЖДЕНИЕ УЧАСТНИКА" : 3,
    "ОБСУЖДЕНИЕ ФАЙЛА" : 7,
    "ОБСУЖДЕНИЕ ШАБЛОНА" : 11,
    "ОПРЕДЕЛЕНИЕ ГАДЖЕТА" : 2302,
    "ПАЙДАЛАНЫШЕ" : 2,
    "ПАЙДАЛАНЫШЫН КАҤАШЫМАШ" : 3,
    "ПАЙДАЛАНЫШЫН КАҤАШЫМАШЫЖЕ" : 3,
    "ПАЛШЫКЫН КӒНГӒШӸМӒШ" : 13,
    "ПОЛШЫК" : 12,
    "ПОЛШЫК ШОТЫШТО КАҤАШЫМАШ" : 13,
    "ПОЛШЫКЫН КАҤАШЫМАШ" : 13,
    "СИРӸШӸН КӒНГӒШӸМӒШӸЖӸ" : 3,
    "СЛУЖЕБНАЯ" : -1,
    "СПРАВКА" : 12,
    "УЧАСТНИК" : 2,
    "ФАЙЛ" : 6,
    "ФАЙЛ КӒНГӒШӸМӒШ" : 7,
    "ФАЙЛ ШОТЫШТО КАҤАШЫМАШ" : 7,
    "ФАЙЛЫН КАҤАШЫМАШ" : 7,
    "ШАБЛОН" : 10,
    "ШАБЛОН КӒНГӒШӸМӒШ" : 11,
    "ЯМДЫЛЫК" : 10,
    "ЯМДЫЛЫК ШОТЫШТО КАҤАШЫМАШ" : 11,
    "ЯМДЫЛЫКЫН КАҤАШЫМАШ" : 11
  }
}