{
  "mainpage" : "LAMAN UTAMA",
  "namespace" : {
    "" : 0,
    "ALAT" : 2300,
    "BANTUAN" : 12,
    "CATEGORY" : 14,
    "CATEGORY TALK" : 15,
    "FAIL" : 6,
    "FILE" : 6,
    "FILE TALK" : 7,
    "GADGET" : 2300,
    "GADGET DEFINITION" : 2302,
    "GADGET DEFINITION TALK" : 2303,
    "GADGET TALK" : 2301,
    "HELP" : 12,
    "HELP TALK" : 13,
    "IMAGE" : 6,
    "IMAGE TALK" : 7,
    "IMEJ" : 6,
    "IMEJ PERBUALAN" : 7,
    "ISTIMEWA" : -1,
    "KATEGORI" : 14,
    "KHAS" : -1,
    "MEDIA" : -2,
    "MEDIAWIKI" : 8,
    "MEDIAWIKI PERBUALAN" : 9,
    "MEDIAWIKI TALK" : 9,
    "MODUL" : 828,
    "MODULE" : 828,
    "MODULE TALK" : 829,
    "PENERANGAN ALAT" : 2302,
    "PENGGUNA" : 2,
    "PERBINCANGAN" : 1,
    "PERBINCANGAN ALAT" : 2301,
    "PERBINCANGAN BANTUAN" : 13,
    "PERBINCANGAN FAIL" : 7,
    "PERBINCANGAN IMEJ" : 7,
    "PERBINCANGAN KATEGORI" : 15,
    "PERBINCANGAN MEDIAWIKI" : 9,
    "PERBINCANGAN MODUL" : 829,
    "PERBINCANGAN PENERANGAN ALAT" : 2303,
    "PERBINCANGAN PENGGUNA" : 3,
    "PERBINCANGAN PORTAL" : 101,
    "PERBINCANGAN TEMPLAT" : 11,
    "PERBINCANGAN WIKIPEDIA" : 5,
    "PERBUALAN" : 1,
    "PERBUALAN BANTUAN" : 13,
    "PERBUALAN KATEGORI" : 15,
    "PERBUALAN PENGGUNA" : 3,
    "PERBUALAN PORTAL" : 101,
    "PERBUALAN TEMPLAT" : 11,
    "PERBUALAN WIKIPEDIA" : 5,
    "PORTAL" : 100,
    "PORTAL TALK" : 101,
    "PROJECT" : 4,
    "PROJECT TALK" : 5,
    "SPECIAL" : -1,
    "TALK" : 1,
    "TEMPLAT" : 10,
    "TEMPLATE" : 10,
    "TEMPLATE TALK" : 11,
    "TIMEDTEXT" : 710,
    "TIMEDTEXT TALK" : 711,
    "USER" : 2,
    "USER TALK" : 3,
    "WIKIPEDIA" : 4,
    "WIKIPEDIA TALK" : 5,
    "WP" : 4
  }
}