{
  "mainpage" : "PAGGENA PRENCEPALE",
  "namespace" : {
    "" : 0,
    "AIUTO" : 12,
    "AJÙTO" : 12,
    "AJÙTO CHIÀCCHIERA" : 13,
    "CATEGORIA" : 14,
    "CATEGORY" : 14,
    "CATEGORY TALK" : 15,
    "CATEGURÌA" : 14,
    "CATEGURÌA CHIÀCCHIERA" : 15,
    "CHIÀCCHIERA" : 1,
    "DISCUSSIONE" : 1,
    "DISCUSSIONI AIUTO" : 13,
    "DISCUSSIONI CATEGORIA" : 15,
    "DISCUSSIONI IMMAGINE" : 7,
    "DISCUSSIONI MEDIAWIKI" : 9,
    "DISCUSSIONI TEMPLATE" : 11,
    "DISCUSSIONI UTENTE" : 3,
    "DISCUSSIONI WIKIPEDIA" : 5,
    "FILE" : 6,
    "FILE TALK" : 7,
    "FIÙRA" : 6,
    "FIÙRA CHIÀCCHIERA" : 7,
    "GADGET" : 2300,
    "GADGET DEFINITION" : 2302,
    "GADGET DEFINITION TALK" : 2303,
    "GADGET TALK" : 2301,
    "HELP" : 12,
    "HELP TALK" : 13,
    "IMAGE" : 6,
    "IMAGE TALK" : 7,
    "IMMAGINE" : 6,
    "MEDIA" : -2,
    "MEDIAWIKI" : 8,
    "MEDIAWIKI CHIÀCCHIERA" : 9,
    "MEDIAWIKI TALK" : 9,
    "MODELLO" : 10,
    "MODELLO CHIÀCCHIERA" : 11,
    "MODULE" : 828,
    "MODULE TALK" : 829,
    "MODULO" : 828,
    "MODULO CHIÀCCHIERA" : 829,
    "PAZZIELLA" : 2300,
    "PAZZIELLA CHIÀCCHIERA" : 2301,
    "PAZZIELLA DEFINIZZIONE" : 2302,
    "PAZZIELLA DEFINIZZIONE CHIÀCCHIERA" : 2303,
    "PROJECT" : 4,
    "PROJECT TALK" : 5,
    "SPECIAL" : -1,
    "SPECIALE" : -1,
    "SPECIÀLE" : -1,
    "TALK" : 1,
    "TEMPLATE" : 10,
    "TEMPLATE TALK" : 11,
    "TIMEDTEXT" : 710,
    "TIMEDTEXT TALK" : 711,
    "USER" : 2,
    "USER TALK" : 3,
    "UTENTE" : 2,
    "UTENTE CHIÀCCHIERA" : 3,
    "WIKIPEDIA" : 4,
    "WIKIPEDIA CHIÀCCHIERA" : 5,
    "WIKIPEDIA TALK" : 5,
    "WP" : 4
  }
}