{
  "mainpage" : "PIÄSIVU",
  "namespace" : {
    "" : 0,
    "ABU" : 12,
    "ABU PAGIN" : 13,
    "CATEGORY" : 14,
    "CATEGORY TALK" : 15,
    "ERIKOINE" : -1,
    "FAILU" : 6,
    "FAILU PAGIN" : 7,
    "FILE" : 6,
    "FILE TALK" : 7,
    "GADGET" : 2300,
    "GADGET DEFINITION" : 2302,
    "GADGET DEFINITION TALK" : 2303,
    "GADGET TALK" : 2301,
    "HELP" : 12,
    "HELP TALK" : 13,
    "IMAGE" : 6,
    "IMAGE TALK" : 7,
    "KATEGOURII" : 14,
    "KATEGOURII PAGIN" : 15,
    "KÄYTTÄI" : 2,
    "KÄYTTÄI PAGIN" : 3,
    "KESKUSTELU KUVASTA" : 7,
    "KESKUSTELU MODUULISTA" : 829,
    "KESKUSTELU PIENOISOHJELMAN MÄÄRITYKSESTÄ" : 2303,
    "KESKUSTELU PIENOISOHJELMASTA" : 2301,
    "KUVA" : 6,
    "MEDIA" : -2,
    "MEDIAWIKI" : 8,
    "MEDIAWIKI TALK" : 9,
    "MEDII" : -2,
    "MEDIIWIKI" : 8,
    "MEDIIWIKI PAGIN" : 9,
    "MODULE" : 828,
    "MODULE TALK" : 829,
    "MODUULI" : 828,
    "PAGIN" : 1,
    "PIENOISOHJELMA" : 2300,
    "PIENOISOHJELMAN MÄÄRITYS" : 2302,
    "PROJECT" : 4,
    "PROJECT TALK" : 5,
    "ŠABLONU" : 10,
    "ŠABLONU PAGIN" : 11,
    "SPECIAL" : -1,
    "TALK" : 1,
    "TEMPLATE" : 10,
    "TEMPLATE TALK" : 11,
    "TIMEDTEXT" : 710,
    "TIMEDTEXT TALK" : 711,
    "USER" : 2,
    "USER TALK" : 3,
    "WIKIPEDIA" : 4,
    "WIKIPEDIA TALK" : 5,
    "WIKIPEDIEN PAGINAT" : 5,
    "WIKIPEDII" : 4,
    "WP" : 4
  }
}