{
  "mainpage" : "WIKIPEDIA:STRONA GŁÓWNA",
  "namespace" : {
    "" : 0,
    "CATEGORY" : 14,
    "CATEGORY TALK" : 15,
    "DEFINICJA GADŻETU" : 2302,
    "DYSKUSJA" : 1,
    "DYSKUSJA DEFINICJI GADŻETU" : 2303,
    "DYSKUSJA GADŻETU" : 2301,
    "DYSKUSJA GRAFIKI" : 7,
    "DYSKUSJA KATEGORII" : 15,
    "DYSKUSJA MEDIAWIKI" : 9,
    "DYSKUSJA MODUŁU" : 829,
    "DYSKUSJA PLIKU" : 7,
    "DYSKUSJA POMOCY" : 13,
    "DYSKUSJA PORTALU" : 101,
    "DYSKUSJA SZABLONU" : 11,
    "DYSKUSJA WIKIPEDII" : 5,
    "DYSKUSJA WIKIPEDYSTKI" : 3,
    "DYSKUSJA WIKIPEDYSTY" : 3,
    "DYSKUSJA WIKIPROJEKTU" : 103,
    "FILE" : 6,
    "FILE TALK" : 7,
    "GADGET" : 2300,
    "GADGET DEFINITION" : 2302,
    "GADGET DEFINITION TALK" : 2303,
    "GADGET TALK" : 2301,
    "GADŻET" : 2300,
    "GRAFIKA" : 6,
    "HELP" : 12,
    "HELP TALK" : 13,
    "IMAGE" : 6,
    "IMAGE TALK" : 7,
    "KATEGORIA" : 14,
    "MEDIA" : -2,
    "MEDIAWIKI" : 8,
    "MEDIAWIKI TALK" : 9,
    "MODUŁ" : 828,
    "MODULE" : 828,
    "MODULE TALK" : 829,
    "PLIK" : 6,
    "POMOC" : 12,
    "PORTAL" : 100,
    "PROJECT" : 4,
    "PROJECT TALK" : 5,
    "SPECIAL" : -1,
    "SPECJALNA" : -1,
    "SZABLON" : 10,
    "TALK" : 1,
    "TEMPLATE" : 10,
    "TEMPLATE TALK" : 11,
    "TIMEDTEXT" : 710,
    "TIMEDTEXT TALK" : 711,
    "TOPIC" : 2600,
    "USER" : 2,
    "USER TALK" : 3,
    "WĄTEK" : 2600,
    "WIKIPEDIA" : 4,
    "WIKIPEDIA TALK" : 5,
    "WIKIPEDYSTA" : 2,
    "WIKIPEDYSTKA" : 2,
    "WIKIPROJEKT" : 102,
    "WP" : 4
  }
}