{
  "mainpage" : "ГОЛОВНА СТОРІНКА",
  "namespace" : {
    "" : 0,
    "CATEGORY" : 14,
    "CATEGORY TALK" : 15,
    "FILE" : 6,
    "FILE TALK" : 7,
    "GADGET" : 2300,
    "GADGET DEFINITION" : 2302,
    "GADGET DEFINITION TALK" : 2303,
    "GADGET TALK" : 2301,
    "HELP" : 12,
    "HELP TALK" : 13,
    "IMAGE" : 6,
    "IMAGE TALK" : 7,
    "MEDIA" : -2,
    "MEDIAWIKI" : 8,
    "MEDIAWIKI TALK" : 9,
    "MODULE" : 828,
    "MODULE TALK" : 829,
    "PROJECT" : 4,
    "PROJECT TALK" : 5,
    "SPECIAL" : -1,
    "TALK" : 1,
    "TEMPLATE" : 10,
    "TEMPLATE TALK" : 11,
    "TIMEDTEXT" : 710,
    "TIMEDTEXT TALK" : 711,
    "USER" : 2,
    "USER TALK" : 3,
    "WIKIPEDIA" : 4,
    "WIKIPEDIA TALK" : 5,
    "WP" : 4,
    "ВІКІПЕДІЯ" : 4,
    "ГАДЖЕТ" : 2300,
    "ДІЗКУЗІЯ КУ MEDIAWIKI" : 9,
    "ДІСКУЗІА" : 1,
    "ДІСКУЗІА З ХОСНОВАТЕЛЁМ" : 3,
    "ДІСКУЗІЯ" : 1,
    "ДІСКУЗІЯ З ХОСНОВАТЕЛЁМ" : 3,
    "ДІСКУЗІЯ КУ MEDIAWIKI" : 9,
    "ДІСКУЗІЯ КУ ВІКІПЕДІЇ" : 5,
    "ДІСКУЗІЯ КУ КАТЕҐОРІЇ" : 15,
    "ДІСКУЗІЯ КУ ПОМОЧІ" : 13,
    "ДІСКУЗІЯ КУ ФАЙЛУ" : 7,
    "ДІСКУЗІЯ КУ ШАБЛОНЇ" : 11,
    "ЗОБРАЖЕННЯ" : 6,
    "ИЗОБРАЖЕНИЕ" : 6,
    "КАТЕГОРИЯ" : 14,
    "КАТЕҐОРІЯ" : 14,
    "КОРИСТУВАЧ" : 2,
    "КОРИСТУВАЧКА" : 2,
    "МЕДИА" : -2,
    "МЕДІА" : -2,
    "МОДУЛЬ" : 828,
    "ОБГОВОРЕННЯ ЗОБРАЖЕННЯ" : 7,
    "ОБГОВОРЕННЯ КОРИСТУВАЧА" : 3,
    "ОБГОВОРЕННЯ КОРИСТУВАЧКИ" : 3,
    "ОБГОВОРЕННЯ МОДУЛЯ" : 829,
    "ОБГОВОРЕННЯ ШАБЛОНА" : 11,
    "ОБСУЖДЕНИЕ" : 1,
    "ОБСУЖДЕНИЕ MEDIAWIKI" : 9,
    "ОБСУЖДЕНИЕ ГАДЖЕТА" : 2301,
    "ОБСУЖДЕНИЕ ИЗОБРАЖЕНИЯ" : 7,
    "ОБСУЖДЕНИЕ КАТЕГОРИИ" : 15,
    "ОБСУЖДЕНИЕ ОПРЕДЕЛЕНИЯ ГАДЖЕТА" : 2303,
    "ОБСУЖДЕНИЕ СПРАВКИ" : 13,
    "ОБСУЖДЕНИЕ УЧАСТНИКА" : 3,
    "ОБСУЖДЕНИЕ ФАЙЛА" : 7,
    "ОБСУЖДЕНИЕ ШАБЛОНА" : 11,
    "ОПРЕДЕЛЕНИЕ ГАДЖЕТА" : 2302,
    "ПОМІЧ" : 12,
    "СЛУЖЕБНАЯ" : -1,
    "СПЕЦІАЛЬНІ" : -1,
    "СПРАВКА" : 12,
    "УЧАСТНИК" : 2,
    "ФАЙЛ" : 6,
    "ХОСНОВАТЕЛЬ" : 2,
    "ШАБЛОНА" : 10,
    "ШПЕЦІАЛНА" : -1
  }
}