{
  "mainpage" : "PORTÁLA:OVDASIIDU",
  "namespace" : {
    "" : 0,
    "BILDE" : 6,
    "BILDEDISKUSJON" : 7,
    "CATEGORY" : 14,
    "CATEGORY TALK" : 15,
    "DOAIMMAT" : -1,
    "ERENOAMÁŠ" : -1,
    "FIILA" : 6,
    "FIILASÁGASTALLAN" : 7,
    "FILE" : 6,
    "FILE TALK" : 7,
    "GADGET" : 2300,
    "GADGET DEFINITION" : 2302,
    "GADGET DEFINITION TALK" : 2303,
    "GADGET TALK" : 2301,
    "GEAVAHEADDJESÁGASTALLAN" : 3,
    "GEAVAHEADDJI" : 2,
    "HELP" : 12,
    "HELP TALK" : 13,
    "IMAGE" : 6,
    "IMAGE TALK" : 7,
    "KATEGORIIJA" : 14,
    "KATEGORIIJASÁGASTALLAN" : 15,
    "KESKUSTELU KUVASTA" : 7,
    "KESKUSTELU PIENOISOHJELMAN MÄÄRITYKSESTÄ" : 2303,
    "KESKUSTELU PIENOISOHJELMASTA" : 2301,
    "KUVA" : 6,
    "MÁLLE" : 10,
    "MÁLLESÁGASTALLAN" : 11,
    "MEDIA" : -2,
    "MEDIAWIKI" : 8,
    "MEDIAWIKI TALK" : 9,
    "MEDIAWIKI-SÁGASTALLAN" : 9,
    "MODULA" : 828,
    "MODULASÁGASTALLAN" : 829,
    "MODULE" : 828,
    "MODULE TALK" : 829,
    "PIENOISOHJELMA" : 2300,
    "PIENOISOHJELMAN MÄÄRITYS" : 2302,
    "PORTÁLA" : 100,
    "PORTÁLASÁGASTALLAN" : 101,
    "PROJECT" : 4,
    "PROJECT TALK" : 5,
    "SÁGASTALLAN" : 1,
    "SPECIAL" : -1,
    "TALK" : 1,
    "TEMASIIDOSÁGASTALLAN" : 101,
    "TEMASIIDU" : 100,
    "TEMPLATE" : 10,
    "TEMPLATE TALK" : 11,
    "TIMEDTEXT" : 710,
    "TIMEDTEXT TALK" : 711,
    "USER" : 2,
    "USER TALK" : 3,
    "VEAHKKESÁGASTALLAN" : 13,
    "VEAHKKI" : 12,
    "WIKIPEDIA" : 4,
    "WIKIPEDIA TALK" : 5,
    "WIKIPEDIA-SÁGASTALLAN" : 5,
    "WP" : 4
  }
}