{
  "mainpage" : "HLAVNÁ STRÁNKA",
  "namespace" : {
    "" : 0,
    "CATEGORY" : 14,
    "CATEGORY TALK" : 15,
    "DEFINICE UDĚLÁTKA" : 2302,
    "DISKUSE K DEFINICI UDĚLÁTKA" : 2303,
    "DISKUSE K UDĚLÁTKU" : 2301,
    "DISKUSIA" : 1,
    "DISKUSIA K MEDIAWIKI" : 9,
    "DISKUSIA K MODULU" : 829,
    "DISKUSIA K OBRÁZKU" : 7,
    "DISKUSIA K POMOCI" : 13,
    "DISKUSIA K PORTÁLU" : 101,
    "DISKUSIA K ŠABLÓNE" : 11,
    "DISKUSIA K SÚBORU" : 7,
    "DISKUSIA K WIKIPÉDII" : 5,
    "DISKUSIA KU KATEGÓRII" : 15,
    "DISKUSIA S REDAKTORKOU" : 3,
    "DISKUSIA S REDAKTOROM" : 3,
    "DISKUSIA S UŽÍVATEĽOM" : 3,
    "FILE" : 6,
    "FILE TALK" : 7,
    "GADGET" : 2300,
    "GADGET DEFINITION" : 2302,
    "GADGET DEFINITION TALK" : 2303,
    "GADGET TALK" : 2301,
    "HELP" : 12,
    "HELP TALK" : 13,
    "IMAGE" : 6,
    "IMAGE TALK" : 7,
    "KATEGÓRIA" : 14,
    "KATEGORIE DISKUSE" : 15,
    "KOMENTÁR" : 1,
    "KOMENTÁR K MEDIAWIKI" : 9,
    "KOMENTÁR K OBRÁZKU" : 7,
    "KOMENTÁR K REDAKTOROVI" : 3,
    "KOMENTÁR K WIKIPÉDII" : 5,
    "MEDIA" : -2,
    "MÉDIÁ" : -2,
    "MEDIAWIKI" : 8,
    "MEDIAWIKI DISKUSE" : 9,
    "MEDIAWIKI TALK" : 9,
    "MODUL" : 828,
    "MODULE" : 828,
    "MODULE TALK" : 829,
    "NÁPOVĚDA DISKUSE" : 13,
    "OBRÁZOK" : 6,
    "POMOC" : 12,
    "PORTÁL" : 100,
    "PROJECT" : 4,
    "PROJECT TALK" : 5,
    "REDAKTOR" : 2,
    "REDAKTORKA" : 2,
    "ŠABLÓNA" : 10,
    "ŠABLONA DISKUSE" : 11,
    "SOUBOR DISKUSE" : 7,
    "SPECIAL" : -1,
    "ŠPECIÁLNE" : -1,
    "SÚBOR" : 6,
    "TALK" : 1,
    "TEMPLATE" : 10,
    "TEMPLATE TALK" : 11,
    "TIMEDTEXT" : 710,
    "TIMEDTEXT TALK" : 711,
    "UDĚLÁTKO" : 2300,
    "USER" : 2,
    "USER TALK" : 3,
    "UŽÍVATEĽ" : 2,
    "UŽIVATEL DISKUSE" : 3,
    "UŽIVATELKA DISKUSE" : 3,
    "WIKIPEDIA" : 4,
    "WIKIPÉDIA" : 4,
    "WIKIPÉDIA DISKUSE" : 5,
    "WIKIPEDIA TALK" : 5,
    "WP" : 4
  }
}