{
  "mainpage" : "БАШ БИТ",
  "namespace" : {
    "" : 0,
    "ÄĞZÄ" : 2,
    "ÄĞZÄ BÄXÄSE" : 3,
    "BÄXÄS" : 1,
    "CATEGORY" : 14,
    "CATEGORY TALK" : 15,
    "FILE" : 6,
    "FILE TALK" : 7,
    "GADGET" : 2300,
    "GADGET DEFINITION" : 2302,
    "GADGET DEFINITION TALK" : 2303,
    "GADGET TALK" : 2301,
    "HELP" : 12,
    "HELP TALK" : 13,
    "IMAGE" : 6,
    "IMAGE TALK" : 7,
    "MAXSUS" : -1,
    "MEDIA" : -2,
    "MEDIAWIKI" : 8,
    "MEDIAWIKI BÄXÄSE" : 9,
    "MEDIAWIKI TALK" : 9,
    "MODULE" : 828,
    "MODULE TALK" : 829,
    "PROJECT" : 4,
    "PROJECT TALK" : 5,
    "RÄSEM" : 6,
    "RÄSEM BÄXÄSE" : 7,
    "SPECIAL" : -1,
    "TALK" : 1,
    "TEMPLATE" : 10,
    "TEMPLATE TALK" : 11,
    "TIMEDTEXT" : 710,
    "TIMEDTEXT TALK" : 711,
    "TÖRKEM" : 14,
    "TÖRKEM BÄXÄSE" : 15,
    "ÜRNÄK" : 10,
    "ÜRNÄK BÄXÄSE" : 11,
    "USER" : 2,
    "USER TALK" : 3,
    "WIKIPEDIA" : 4,
    "WIKIPEDIA TALK" : 5,
    "WP" : 4,
    "YÄRDÄM" : 12,
    "YÄRDÄM BÄXÄSE" : 13,
    "БӘХӘС" : 1,
    "ВИКИПЕДИЯ" : 4,
    "ВИКИПЕДИЯ BÄXÄSE" : 5,
    "ВИКИПЕДИЯ БӘХӘСЕ" : 5,
    "ВП" : 4,
    "ГАДЖЕТ" : 2300,
    "ИЗОБРАЖЕНИЕ" : 6,
    "КАЛЫП" : 10,
    "КАЛЫП БӘХӘСЕ" : 11,
    "КАТЕГОРИЯ" : 14,
    "КУЛЛАНУЧЫ" : 2,
    "КУЛЛАНУЧЫ БӘХӘСЕ" : 3,
    "МАХСУС" : -1,
    "МЕДИА" : -2,
    "МЕДИА ВИКИ" : 8,
    "МЕДИА ВИКИ БӘХӘСЕ" : 9,
    "МЕДИАВИКИ" : 8,
    "МЕДИАВИКИ БӘХӘСЕ" : 9,
    "МОДУЛЬ" : 828,
    "ОБСУЖДЕНИЕ" : 1,
    "ОБСУЖДЕНИЕ MEDIAWIKI" : 9,
    "ОБСУЖДЕНИЕ ВИКИПЕДИЯ" : 5,
    "ОБСУЖДЕНИЕ ГАДЖЕТА" : 2301,
    "ОБСУЖДЕНИЕ ИЗОБРАЖЕНИЯ" : 7,
    "ОБСУЖДЕНИЕ КАТЕГОРИИ" : 15,
    "ОБСУЖДЕНИЕ МОДУЛЯ" : 829,
    "ОБСУЖДЕНИЕ ОПРЕДЕЛЕНИЯ ГАДЖЕТА" : 2303,
    "ОБСУЖДЕНИЕ СПРАВКИ" : 13,
    "ОБСУЖДЕНИЕ УЧАСТНИКА" : 3,
    "ОБСУЖДЕНИЕ УЧАСТНИЦЫ" : 3,
    "ОБСУЖДЕНИЕ ФАЙЛА" : 7,
    "ОБСУЖДЕНИЕ ШАБЛОНА" : 11,
    "ОПРЕДЕЛЕНИЕ ГАДЖЕТА" : 2302,
    "ПОРТАЛ" : 100,
    "ПОРТАЛ БӘХӘСЕ" : 101,
    "РӘСЕМ" : 6,
    "РӘСЕМ БӘХӘСЕ" : 7,
    "СЛУЖЕБНАЯ" : -1,
    "СПРАВКА" : 12,
    "ТӨРКЕМ" : 14,
    "ТӨРКЕМ БӘХӘСЕ" : 15,
    "УЧАСТНИК" : 2,
    "УЧАСТНИЦА" : 2,
    "ҮРНӘК" : 10,
    "ҮРНӘК БӘХӘСЕ" : 11,
    "ФАЙЛ" : 6,
    "ФАЙЛ БӘХӘСЕ" : 7,
    "ФИКЕР АЛЫШУ" : 1,
    "ШАБЛОН" : 10,
    "ШАБЛОН БӘХӘСЕ" : 11,
    "ЯРДӘМ" : 12,
    "ЯРДӘМ БӘХӘСЕ" : 13
  }
}