{
  "mainpage" : "WIKIPEDIA:PRINSIPIO",
  "namespace" : {
    "" : 0,
    "ACCESSORIO" : 2300,
    "AIUTO" : 12,
    "AJUTO" : 12,
    "CATEGORIA" : 14,
    "CATEGORY" : 14,
    "CATEGORY TALK" : 15,
    "DEFINIZIONE ACCESSORIO" : 2302,
    "DISCUSION" : 1,
    "DISCUSION CATEGORIA" : 15,
    "DISCUSION FILE" : 7,
    "DISCUSION IMÀJINE" : 7,
    "DISCUSION JUTO" : 13,
    "DISCUSION MEDIAWIKI" : 9,
    "DISCUSION MODEŁO" : 11,
    "DISCUSION UTENSA" : 3,
    "DISCUSION WIKIPEDIA" : 5,
    "DISCUSSION" : 1,
    "DISCUSSION AIUTO" : 13,
    "DISCUSSION AJUTO" : 13,
    "DISCUSSION CATEGORIA" : 15,
    "DISCUSSION FILE" : 7,
    "DISCUSSION IMAGINE" : 7,
    "DISCUSSION MEDIAWIKI" : 9,
    "DISCUSSION MODÈL" : 11,
    "DISCUSSION PORTAŁE" : 101,
    "DISCUSSION PROJETO" : 103,
    "DISCUSSION TEMPLATE" : 11,
    "DISCUSSION UTENTE" : 3,
    "DISCUSSION WIKIPEDIA" : 5,
    "DISCUSSIONI ACCESSORIO" : 2301,
    "DISCUSSIONI DEFINIZIONE ACCESSORIO" : 2303,
    "DISCUSSIONI IMMAGINE" : 7,
    "DISCUSSIONI MODULO" : 829,
    "FILE" : 6,
    "FILE TALK" : 7,
    "GADGET" : 2300,
    "GADGET DEFINITION" : 2302,
    "GADGET DEFINITION TALK" : 2303,
    "GADGET TALK" : 2301,
    "HELP" : 12,
    "HELP TALK" : 13,
    "IMAGE" : 6,
    "IMAGE TALK" : 7,
    "IMÀJINE" : 6,
    "IMMAGINE" : 6,
    "JUTO" : 12,
    "MEDIA" : -2,
    "MÈDIA" : -2,
    "MEDIAWIKI" : 8,
    "MEDIAWIKI TALK" : 9,
    "MODÈL" : 10,
    "MODEŁO" : 10,
    "MODULE" : 828,
    "MODULE TALK" : 829,
    "MODULO" : 828,
    "PORTAŁE" : 100,
    "PROJECT" : 4,
    "PROJECT TALK" : 5,
    "PROJETO" : 102,
    "SPEÇAŁE" : -1,
    "SPECIAL" : -1,
    "SPECIALE" : -1,
    "TALK" : 1,
    "TEMPLATE" : 10,
    "TEMPLATE TALK" : 11,
    "TIMEDTEXT" : 710,
    "TIMEDTEXT TALK" : 711,
    "USER" : 2,
    "USER TALK" : 3,
    "UTENSA" : 2,
    "UTENTE" : 2,
    "WIKIPEDIA" : 4,
    "WIKIPEDIA TALK" : 5,
    "WP" : 4
  }
}