{
  "mainpage" : "PÄLEHTPOL’",
  "namespace" : {
    "" : 0,
    "ABU" : 12,
    "CATEGORY" : 14,
    "CATEGORY TALK" : 15,
    "FAIL" : 6,
    "FILE" : 6,
    "FILE TALK" : 7,
    "GADGET" : 2300,
    "GADGET DEFINITION" : 2302,
    "GADGET DEFINITION TALK" : 2303,
    "GADGET TALK" : 2301,
    "HELP" : 12,
    "HELP TALK" : 13,
    "IMAGE" : 6,
    "IMAGE TALK" : 7,
    "KATEGORII" : 14,
    "KÄVUTAI" : 2,
    "LODU" : 1,
    "LODU ABUS" : 13,
    "LODU FAILAS" : 7,
    "LODU KATEGORIJAS" : 15,
    "LODU KÄVUTAJAS" : 3,
    "LODU MEDIAWIKIŠ" : 9,
    "LODU ŠABLONAS" : 11,
    "MEDIA" : -2,
    "MEDIAWIKI" : 8,
    "MEDIAWIKI TALK" : 9,
    "MODULE" : 828,
    "MODULE TALK" : 829,
    "MOODUL" : 828,
    "MOODULI ARUTELU" : 829,
    "PAGINAD VIKIPEDII" : 5,
    "PILDI ARUTELU" : 7,
    "PILT" : 6,
    "PROJECT" : 4,
    "PROJECT TALK" : 5,
    "ŠABLON" : 10,
    "SPECIAL" : -1,
    "SPECIALINE" : -1,
    "TALK" : 1,
    "TEMPLATE" : 10,
    "TEMPLATE TALK" : 11,
    "TIMEDTEXT" : 710,
    "TIMEDTEXT TALK" : 711,
    "TÖÖRIIST" : 2300,
    "TÖÖRIISTA ARUTELU" : 2301,
    "TÖÖRIISTA MÄÄRATLUS" : 2302,
    "TÖÖRIISTA MÄÄRATLUSE ARUTELU" : 2303,
    "USER" : 2,
    "USER TALK" : 3,
    "VIKIPEDII" : 4,
    "VIKIPEDII ARUTELU" : 5,
    "WIKIPEDIA" : 4,
    "WIKIPEDIA TALK" : 5,
    "WP" : 4
  }
}