{
  "mainpage" : "НҮР ХАЛХ",
  "namespace" : {
    "" : 0,
    "CATEGORY" : 14,
    "CATEGORY TALK" : 15,
    "FILE" : 6,
    "FILE TALK" : 7,
    "GADGET" : 2300,
    "GADGET DEFINITION" : 2302,
    "GADGET DEFINITION TALK" : 2303,
    "GADGET TALK" : 2301,
    "HELP" : 12,
    "HELP TALK" : 13,
    "IMAGE" : 6,
    "IMAGE TALK" : 7,
    "MEDIA" : -2,
    "MEDIAWIKI" : 8,
    "MEDIAWIKI TALK" : 9,
    "MEDIAWIKI ТУСК МЕТКӘН" : 9,
    "MEDIAWIKI ТУСКАР УХАЛВР" : 9,
    "MODULE" : 828,
    "MODULE TALK" : 829,
    "PROJECT" : 4,
    "PROJECT TALK" : 5,
    "SPECIAL" : -1,
    "TALK" : 1,
    "TEMPLATE" : 10,
    "TEMPLATE TALK" : 11,
    "TIMEDTEXT" : 710,
    "TIMEDTEXT TALK" : 711,
    "USER" : 2,
    "USER TALK" : 3,
    "WIKIPEDIA" : 4,
    "WIKIPEDIA TALK" : 5,
    "WIKIPEDIA ТУСК МЕТКӘН" : 5,
    "WIKIPEDIA ТУСКАР УХАЛВР" : 5,
    "WP" : 4,
    "АҺАР" : -2,
    "ӘӘШЛ" : 14,
    "ӘӘШЛИН ТУСК МЕТКӘН" : 15,
    "БООМГ" : 6,
    "БООМГИН ТУСК МЕТКӘН" : 7,
    "ГАДЖЕТ" : 2300,
    "ДЕМНЧ" : 2,
    "ДЕМНЧНА ТУСК МЕТКӘН" : 3,
    "ЗУРА" : 10,
    "ЗУРАН ТУСК МЕТКӘН" : 11,
    "ЗУРАН ТУСКАР УХАЛВР" : 11,
    "ЗУРГ" : 6,
    "ЗУРГИН ТУСКАР УХАЛВР" : 7,
    "ИЗОБРАЖЕНИЕ" : 6,
    "КЕВЛӘР" : 10,
    "КӨДЛХНƏ" : -1,
    "КӨДЛХНӘ" : -1,
    "МЕТКӘН" : 1,
    "МОДУЛЬ" : 828,
    "ОБСУЖДЕНИЕ ГАДЖЕТА" : 2301,
    "ОБСУЖДЕНИЕ ИЗОБРАЖЕНИЯ" : 7,
    "ОБСУЖДЕНИЕ МОДУЛЯ" : 829,
    "ОБСУЖДЕНИЕ ОПРЕДЕЛЕНИЯ ГАДЖЕТА" : 2303,
    "ОПРЕДЕЛЕНИЕ ГАДЖЕТА" : 2302,
    "ОРЛЦАЧ" : 2,
    "ОРЛЦАЧНА ТУСКАР УХАЛВР" : 3,
    "УХАЛВР" : 1,
    "ЦƏƏЛҺЛҺИН ТУСКАР УХАЛВР" : 13,
    "ЦƏƏЛҺЛҺН" : 12,
    "ЦӘӘЛҺЛҺИН ТУСК МЕТКӘН" : 13,
    "ЦӘӘЛҺЛҺН" : 12,
    "ЯНЗ" : 14,
    "ЯНЗИН ТУСКАР УХАЛВР" : 15
  }
}