{
  "mainpage" : "維基大典:卷首",
  "namespace" : {
    "" : 0,
    "CAT" : 14,
    "CATEGORY" : 14,
    "CATEGORY TALK" : 15,
    "FILE" : 6,
    "FILE TALK" : 7,
    "GADGET" : 2300,
    "GADGET DEFINITION" : 2302,
    "GADGET DEFINITION TALK" : 2303,
    "GADGET TALK" : 2301,
    "H" : 12,
    "HELP" : 12,
    "HELP TALK" : 13,
    "IMAGE" : 6,
    "IMAGE TALK" : 7,
    "MEDIA" : -2,
    "MEDIAWIKI" : 8,
    "MEDIAWIKI TALK" : 9,
    "MEDIAWIKI討論" : 9,
    "MODULE" : 828,
    "MODULE TALK" : 829,
    "P" : 100,
    "PORTAL" : 100,
    "PORTAL TALK" : 101,
    "PROJECT" : 4,
    "PROJECT TALK" : 5,
    "SPECIAL" : -1,
    "T" : 10,
    "TALK" : 1,
    "TEMPLATE" : 10,
    "TEMPLATE TALK" : 11,
    "TIMEDTEXT" : 710,
    "TIMEDTEXT TALK" : 711,
    "USER" : 2,
    "USER TALK" : 3,
    "WIKIPEDIA" : 4,
    "WIKIPEDIA TALK" : 5,
    "WP" : 4,
    "WT" : 5,
    "分类" : 14,
    "分类对话" : 15,
    "分类讨论" : 15,
    "分類" : 14,
    "分類對話" : 15,
    "分類討論" : 15,
    "图像" : 6,
    "图像对话" : 7,
    "图像讨论" : 7,
    "圖像" : 6,
    "圖像對話" : 7,
    "圖像討論" : 7,
    "媒体" : -2,
    "媒體" : -2,
    "对话" : 1,
    "對話" : 1,
    "帮助" : 12,
    "帮助对话" : 13,
    "帮助讨论" : 13,
    "幫助" : 12,
    "幫助對話" : 13,
    "幫助討論" : 13,
    "文件" : 6,
    "文件对话" : 7,
    "文件對話" : 7,
    "文件討論" : 7,
    "文件讨论" : 7,
    "样板" : 10,
    "样板对话" : 11,
    "样板讨论" : 11,
    "档案" : 6,
    "档案对话" : 7,
    "档案讨论" : 7,
    "模块" : 828,
    "模块对话" : 829,
    "模块讨论" : 829,
    "模塊" : 828,
    "模塊對話" : 829,
    "模塊討論" : 829,
    "模板" : 10,
    "模板对话" : 11,
    "模板對話" : 11,
    "模板討論" : 11,
    "模板讨论" : 11,
    "模組" : 828,
    "模組對話" : 829,
    "模組討論" : 829,
    "模组" : 828,
    "模组对话" : 829,
    "模组讨论" : 829,
    "樣板" : 10,
    "樣板對話" : 11,
    "樣板討論" : 11,
    "檔案" : 6,
    "檔案對話" : 7,
    "檔案討論" : 7,
    "特殊" : -1,
    "用戶" : 2,
    "用戶對話" : 3,
    "用戶討論" : 3,
    "用户" : 2,
    "用户对话" : 3,
    "用户讨论" : 3,
    "維基大典" : 4,
    "維基大典討論" : 5,
    "討論" : 1,
    "議" : 101,
    "讨论" : 1,
    "門" : 100
  }
}